,cement,compressive strength,blast furnace slag,fly ash,water,superplasticizer,coarse aggregate,fine aggregate,age
X1,540,79.99,0,0,162,2.5,1040,676,28
X2,540,61.89,0,0,162,2.5,1055,676,28
X3,332.5,40.27,142.5,0,228,0,932,594,270
X4,332.5,41.05,142.5,0,228,0,932,594,365
X5,198.6,44.3,132.4,0,192,0,978.4,825.5,360
X6,266,47.03,114,0,228,0,932,670,90
X7,380,43.7,95,0,228,0,932,594,365
X8,380,36.45,95,0,228,0,932,594,28
X9,266,45.85,114,0,228,0,932,670,28
X10,475,39.29,0,0,228,0,932,594,28
X11,198.6,38.07,132.4,0,192,0,978.4,825.5,90
X12,198.6,28.02,132.4,0,192,0,978.4,825.5,28
X13,427.5,43.01,47.5,0,228,0,932,594,270
X14,190,42.33,190,0,228,0,932,670,90
X15,304,47.81,76,0,228,0,932,670,28
X16,380,52.91,0,0,228,0,932,670,90
X17,139.6,39.36,209.4,0,192,0,1047,806.9,90
X18,342,56.14,38,0,228,0,932,670,365
X19,380,40.56,95,0,228,0,932,594,90
X20,475,42.62,0,0,228,0,932,594,180
X21,427.5,41.84,47.5,0,228,0,932,594,180
X22,139.6,28.24,209.4,0,192,0,1047,806.9,28
X23,139.6,8.06,209.4,0,192,0,1047,806.9,3
X24,139.6,44.21,209.4,0,192,0,1047,806.9,180
X25,380,52.52,0,0,228,0,932,670,365
X26,380,53.3,0,0,228,0,932,670,270
X27,380,41.15,95,0,228,0,932,594,270
X28,342,52.12,38,0,228,0,932,670,180
X29,427.5,37.43,47.5,0,228,0,932,594,28
X30,475,38.6,0,0,228,0,932,594,7
X31,304,55.26,76,0,228,0,932,670,365
X32,266,52.91,114,0,228,0,932,670,365
X33,198.6,41.72,132.4,0,192,0,978.4,825.5,180
X34,475,42.13,0,0,228,0,932,594,270
X35,190,53.69,190,0,228,0,932,670,365
X36,237.5,38.41,237.5,0,228,0,932,594,270
X37,237.5,30.08,237.5,0,228,0,932,594,28
X38,332.5,37.72,142.5,0,228,0,932,594,90
X39,475,42.23,0,0,228,0,932,594,90
X40,237.5,36.25,237.5,0,228,0,932,594,180
X41,342,50.46,38,0,228,0,932,670,90
X42,427.5,43.7,47.5,0,228,0,932,594,365
X43,237.5,39,237.5,0,228,0,932,594,365
X44,380,53.1,0,0,228,0,932,670,180
X45,427.5,41.54,47.5,0,228,0,932,594,90
X46,427.5,35.08,47.5,0,228,0,932,594,7
X47,349,15.05,0,0,192,0,1047,806.9,3
X48,380,40.76,95,0,228,0,932,594,180
X49,237.5,26.26,237.5,0,228,0,932,594,7
X50,380,32.82,95,0,228,0,932,594,7
X51,332.5,39.78,142.5,0,228,0,932,594,180
X52,190,46.93,190,0,228,0,932,670,180
X53,237.5,33.12,237.5,0,228,0,932,594,90
X54,304,49.19,76,0,228,0,932,670,90
X55,139.6,14.59,209.4,0,192,0,1047,806.9,7
X56,198.6,14.64,132.4,0,192,0,978.4,825.5,7
X57,475,41.93,0,0,228,0,932,594,365
X58,198.6,9.13,132.4,0,192,0,978.4,825.5,3
X59,304,50.95,76,0,228,0,932,670,180
X60,332.5,33.02,142.5,0,228,0,932,594,28
X61,304,54.38,76,0,228,0,932,670,270
X62,266,51.73,114,0,228,0,932,670,270
X63,310,9.87,0,0,192,0,971,850.6,3
X64,190,50.66,190,0,228,0,932,670,270
X65,266,48.7,114,0,228,0,932,670,180
X66,342,55.06,38,0,228,0,932,670,270
X67,139.6,44.7,209.4,0,192,0,1047,806.9,360
X68,332.5,30.28,142.5,0,228,0,932,594,7
X69,190,40.86,190,0,228,0,932,670,28
X70,485,71.99,0,0,146,0,1120,800,28
X71,374,34.4,189.2,0,170.1,10.1,926.1,756.7,3
X72,313.3,28.8,262.2,0,175.5,8.6,1046.9,611.8,3
X73,425,33.4,106.3,0,153.5,16.5,852.1,887.1,3
X74,425,36.3,106.3,0,151.4,18.6,936,803.7,3
X75,375,29,93.8,0,126.6,23.4,852.1,992.6,3
X76,475,37.8,118.8,0,181.1,8.9,852.1,781.5,3
X77,469,40.2,117.2,0,137.8,32.2,852.1,840.5,3
X78,425,33.4,106.3,0,153.5,16.5,852.1,887.1,3
X79,388.6,28.1,97.1,0,157.9,12.1,852.1,925.7,3
X80,531.3,41.3,0,0,141.8,28.2,852.1,893.7,3
X81,425,33.4,106.3,0,153.5,16.5,852.1,887.1,3
X82,318.8,25.2,212.5,0,155.7,14.3,852.1,880.4,3
X83,401.8,41.1,94.7,0,147.4,11.4,946.8,852.1,3
X84,362.6,35.3,189,0,164.9,11.6,944.7,755.8,3
X85,323.7,28.3,282.8,0,183.8,10.3,942.7,659.9,3
X86,379.5,28.6,151.2,0,153.9,15.9,1134.3,605,3
X87,362.6,35.3,189,0,164.9,11.6,944.7,755.8,3
X88,286.3,24.4,200.9,0,144.7,11.2,1004.6,803.7,3
X89,362.6,35.3,189,0,164.9,11.6,944.7,755.8,3
X90,439,39.3,177,0,186,11.1,884.9,707.9,3
X91,389.9,40.6,189,0,145.9,22,944.7,755.8,3
X92,362.6,35.3,189,0,164.9,11.6,944.7,755.8,3
X93,337.9,24.1,189,0,174.9,9.5,944.7,755.8,3
X94,374,46.2,189.2,0,170.1,10.1,926.1,756.7,7
X95,313.3,42.8,262.2,0,175.5,8.6,1046.9,611.8,7
X96,425,49.2,106.3,0,153.5,16.5,852.1,887.1,7
X97,425,46.8,106.3,0,151.4,18.6,936,803.7,7
X98,375,45.7,93.8,0,126.6,23.4,852.1,992.6,7
X99,475,55.6,118.8,0,181.1,8.9,852.1,781.5,7
X100,469,54.9,117.2,0,137.8,32.2,852.1,840.5,7
X101,425,49.2,106.3,0,153.5,16.5,852.1,887.1,7
X102,388.6,34.9,97.1,0,157.9,12.1,852.1,925.7,7
X103,531.3,46.9,0,0,141.8,28.2,852.1,893.7,7
X104,425,49.2,106.3,0,153.5,16.5,852.1,887.1,7
X105,318.8,33.4,212.5,0,155.7,14.3,852.1,880.4,7
X106,401.8,54.1,94.7,0,147.4,11.4,946.8,852.1,7
X107,362.6,55.9,189,0,164.9,11.6,944.7,755.8,7
X108,323.7,49.8,282.8,0,183.8,10.3,942.7,659.9,7
X109,379.5,47.1,151.2,0,153.9,15.9,1134.3,605,7
X110,362.6,55.9,189,0,164.9,11.6,944.7,755.8,7
X111,286.3,38,200.9,0,144.7,11.2,1004.6,803.7,7
X112,362.6,55.9,189,0,164.9,11.6,944.7,755.8,7
X113,439,56.1,177,0,186,11.1,884.9,707.9,7
X114,389.9,59.09,189,0,145.9,22,944.7,755.8,7
X115,362.6,22.9,189,0,164.9,11.6,944.7,755.8,7
X116,337.9,35.1,189,0,174.9,9.5,944.7,755.8,7
X117,374,61.09,189.2,0,170.1,10.1,926.1,756.7,28
X118,313.3,59.8,262.2,0,175.5,8.6,1046.9,611.8,28
X119,425,60.29,106.3,0,153.5,16.5,852.1,887.1,28
X120,425,61.8,106.3,0,151.4,18.6,936,803.7,28
X121,375,56.7,93.8,0,126.6,23.4,852.1,992.6,28
X122,475,68.3,118.8,0,181.1,8.9,852.1,781.5,28
X123,469,66.9,117.2,0,137.8,32.2,852.1,840.5,28
X124,425,60.29,106.3,0,153.5,16.5,852.1,887.1,28
X125,388.6,50.7,97.1,0,157.9,12.1,852.1,925.7,28
X126,531.3,56.4,0,0,141.8,28.2,852.1,893.7,28
X127,425,60.29,106.3,0,153.5,16.5,852.1,887.1,28
X128,318.8,55.5,212.5,0,155.7,14.3,852.1,880.4,28
X129,401.8,68.5,94.7,0,147.4,11.4,946.8,852.1,28
X130,362.6,71.3,189,0,164.9,11.6,944.7,755.8,28
X131,323.7,74.7,282.8,0,183.8,10.3,942.7,659.9,28
X132,379.5,52.2,151.2,0,153.9,15.9,1134.3,605,28
X133,362.6,71.3,189,0,164.9,11.6,944.7,755.8,28
X134,286.3,67.7,200.9,0,144.7,11.2,1004.6,803.7,28
X135,362.6,71.3,189,0,164.9,11.6,944.7,755.8,28
X136,439,66,177,0,186,11.1,884.9,707.9,28
X137,389.9,74.5,189,0,145.9,22,944.7,755.8,28
X138,362.6,71.3,189,0,164.9,11.6,944.7,755.8,28
X139,337.9,49.9,189,0,174.9,9.5,944.7,755.8,28
X140,374,63.4,189.2,0,170.1,10.1,926.1,756.7,56
X141,313.3,64.9,262.2,0,175.5,8.6,1046.9,611.8,56
X142,425,64.3,106.3,0,153.5,16.5,852.1,887.1,56
X143,425,64.9,106.3,0,151.4,18.6,936,803.7,56
X144,375,60.2,93.8,0,126.6,23.4,852.1,992.6,56
X145,475,72.3,118.8,0,181.1,8.9,852.1,781.5,56
X146,469,69.3,117.2,0,137.8,32.2,852.1,840.5,56
X147,425,64.3,106.3,0,153.5,16.5,852.1,887.1,56
X148,388.6,55.2,97.1,0,157.9,12.1,852.1,925.7,56
X149,531.3,58.8,0,0,141.8,28.2,852.1,893.7,56
X150,425,64.3,106.3,0,153.5,16.5,852.1,887.1,56
X151,318.8,66.1,212.5,0,155.7,14.3,852.1,880.4,56
X152,401.8,73.7,94.7,0,147.4,11.4,946.8,852.1,56
X153,362.6,77.3,189,0,164.9,11.6,944.7,755.8,56
X154,323.7,80.2,282.8,0,183.8,10.3,942.7,659.9,56
X155,379.5,54.9,151.2,0,153.9,15.9,1134.3,605,56
X156,362.6,77.3,189,0,164.9,11.6,944.7,755.8,56
X157,286.3,72.99,200.9,0,144.7,11.2,1004.6,803.7,56
X158,362.6,77.3,189,0,164.9,11.6,944.7,755.8,56
X159,439,71.7,177,0,186,11.1,884.9,707.9,56
X160,389.9,79.4,189,0,145.9,22,944.7,755.8,56
X161,362.6,77.3,189,0,164.9,11.6,944.7,755.8,56
X162,337.9,59.89,189,0,174.9,9.5,944.7,755.8,56
X163,374,64.9,189.2,0,170.1,10.1,926.1,756.7,91
X164,313.3,66.6,262.2,0,175.5,8.6,1046.9,611.8,91
X165,425,65.2,106.3,0,153.5,16.5,852.1,887.1,91
X166,425,66.7,106.3,0,151.4,18.6,936,803.7,91
X167,375,62.5,93.8,0,126.6,23.4,852.1,992.6,91
X168,475,74.19,118.8,0,181.1,8.9,852.1,781.5,91
X169,469,70.7,117.2,0,137.8,32.2,852.1,840.5,91
X170,425,65.2,106.3,0,153.5,16.5,852.1,887.1,91
X171,388.6,57.6,97.1,0,157.9,12.1,852.1,925.7,91
X172,531.3,59.2,0,0,141.8,28.2,852.1,893.7,91
X173,425,65.2,106.3,0,153.5,16.5,852.1,887.1,91
X174,318.8,68.1,212.5,0,155.7,14.3,852.1,880.4,91
X175,401.8,75.5,94.7,0,147.4,11.4,946.8,852.1,91
X176,362.6,79.3,189,0,164.9,11.6,944.7,755.8,91
X177,379.5,56.5,151.2,0,153.9,15.9,1134.3,605,91
X178,362.6,79.3,189,0,164.9,11.6,944.7,755.8,91
X179,286.3,76.8,200.9,0,144.7,11.2,1004.6,803.7,91
X180,362.6,79.3,189,0,164.9,11.6,944.7,755.8,91
X181,439,73.3,177,0,186,11.1,884.9,707.9,91
X182,389.9,82.6,189,0,145.9,22,944.7,755.8,91
X183,362.6,79.3,189,0,164.9,11.6,944.7,755.8,91
X184,337.9,67.8,189,0,174.9,9.5,944.7,755.8,91
X185,222.4,11.58,0,96.7,189.3,4.5,967.1,870.3,3
X186,222.4,24.45,0,96.7,189.3,4.5,967.1,870.3,14
X187,222.4,24.89,0,96.7,189.3,4.5,967.1,870.3,28
X188,222.4,29.45,0,96.7,189.3,4.5,967.1,870.3,56
X189,222.4,40.71,0,96.7,189.3,4.5,967.1,870.3,100
X190,233.8,10.38,0,94.6,197.9,4.6,947,852.2,3
X191,233.8,22.14,0,94.6,197.9,4.6,947,852.2,14
X192,233.8,22.84,0,94.6,197.9,4.6,947,852.2,28
X193,233.8,27.66,0,94.6,197.9,4.6,947,852.2,56
X194,233.8,34.56,0,94.6,197.9,4.6,947,852.2,100
X195,194.7,12.45,0,100.5,165.6,7.5,1006.4,905.9,3
X196,194.7,24.99,0,100.5,165.6,7.5,1006.4,905.9,14
X197,194.7,25.72,0,100.5,165.6,7.5,1006.4,905.9,28
X198,194.7,33.96,0,100.5,165.6,7.5,1006.4,905.9,56
X199,194.7,37.34,0,100.5,165.6,7.5,1006.4,905.9,100
X200,190.7,15.04,0,125.4,162.1,7.8,1090,804,3
X201,190.7,21.06,0,125.4,162.1,7.8,1090,804,14
X202,190.7,26.4,0,125.4,162.1,7.8,1090,804,28
X203,190.7,35.34,0,125.4,162.1,7.8,1090,804,56
X204,190.7,40.57,0,125.4,162.1,7.8,1090,804,100
X205,212.1,12.47,0,121.6,180.3,5.7,1057.6,779.3,3
X206,212.1,20.92,0,121.6,180.3,5.7,1057.6,779.3,14
X207,212.1,24.9,0,121.6,180.3,5.7,1057.6,779.3,28
X208,212.1,34.2,0,121.6,180.3,5.7,1057.6,779.3,56
X209,212.1,39.61,0,121.6,180.3,5.7,1057.6,779.3,100
X210,230,10.03,0,118.3,195.5,4.6,1029.4,758.6,3
X211,230,20.08,0,118.3,195.5,4.6,1029.4,758.6,14
X212,230,24.48,0,118.3,195.5,4.6,1029.4,758.6,28
X213,230,31.54,0,118.3,195.5,4.6,1029.4,758.6,56
X214,230,35.34,0,118.3,195.5,4.6,1029.4,758.6,100
X215,190.3,9.45,0,125.2,161.9,9.9,1088.1,802.6,3
X216,190.3,22.72,0,125.2,161.9,9.9,1088.1,802.6,14
X217,190.3,28.47,0,125.2,161.9,9.9,1088.1,802.6,28
X218,190.3,38.56,0,125.2,161.9,9.9,1088.1,802.6,56
X219,190.3,40.39,0,125.2,161.9,9.9,1088.1,802.6,100
X220,166.1,10.76,0,163.3,176.5,4.5,1058.6,780.1,3
X221,166.1,25.48,0,163.3,176.5,4.5,1058.6,780.1,14
X222,166.1,21.54,0,163.3,176.5,4.5,1058.6,780.1,28
X223,166.1,28.63,0,163.3,176.5,4.5,1058.6,780.1,56
X224,166.1,33.54,0,163.3,176.5,4.5,1058.6,780.1,100
X225,168,7.75,42.1,163.8,121.8,5.7,1058.7,780.1,3
X226,168,17.82,42.1,163.8,121.8,5.7,1058.7,780.1,14
X227,168,24.24,42.1,163.8,121.8,5.7,1058.7,780.1,28
X228,168,32.85,42.1,163.8,121.8,5.7,1058.7,780.1,56
X229,168,39.23,42.1,163.8,121.8,5.7,1058.7,780.1,100
X230,213.7,18,98.1,24.5,181.7,6.9,1065.8,785.4,3
X231,213.7,30.39,98.1,24.5,181.7,6.9,1065.8,785.4,14
X232,213.7,45.71,98.1,24.5,181.7,6.9,1065.8,785.4,28
X233,213.7,50.77,98.1,24.5,181.7,6.9,1065.8,785.4,56
X234,213.7,53.9,98.1,24.5,181.7,6.9,1065.8,785.4,100
X235,213.8,13.18,98.1,24.5,181.7,6.7,1066,785.5,3
X236,213.8,17.84,98.1,24.5,181.7,6.7,1066,785.5,14
X237,213.8,40.23,98.1,24.5,181.7,6.7,1066,785.5,28
X238,213.8,47.13,98.1,24.5,181.7,6.7,1066,785.5,56
X239,213.8,49.97,98.1,24.5,181.7,6.7,1066,785.5,100
X240,229.7,13.36,0,118.2,195.2,6.1,1028.1,757.6,3
X241,229.7,22.32,0,118.2,195.2,6.1,1028.1,757.6,14
X242,229.7,24.54,0,118.2,195.2,6.1,1028.1,757.6,28
X243,229.7,31.35,0,118.2,195.2,6.1,1028.1,757.6,56
X244,229.7,40.86,0,118.2,195.2,6.1,1028.1,757.6,100
X245,238.1,19.93,0,94.1,186.7,7,949.9,847,3
X246,238.1,25.69,0,94.1,186.7,7,949.9,847,14
X247,238.1,30.23,0,94.1,186.7,7,949.9,847,28
X248,238.1,39.59,0,94.1,186.7,7,949.9,847,56
X249,238.1,44.3,0,94.1,186.7,7,949.9,847,100
X250,250,13.82,0,95.7,187.4,5.5,956.9,861.2,3
X251,250,24.92,0,95.7,187.4,5.5,956.9,861.2,14
X252,250,29.22,0,95.7,187.4,5.5,956.9,861.2,28
X253,250,38.33,0,95.7,187.4,5.5,956.9,861.2,56
X254,250,42.35,0,95.7,187.4,5.5,956.9,861.2,100
X255,212.5,13.54,0,100.4,159.3,8.7,1007.8,903.6,3
X256,212.5,26.31,0,100.4,159.3,8.7,1007.8,903.6,14
X257,212.5,31.64,0,100.4,159.3,8.7,1007.8,903.6,28
X258,212.5,42.55,0,100.4,159.3,8.7,1007.8,903.6,56
X259,212.5,42.92,0,100.4,159.3,8.7,1007.8,903.6,100
X260,212.6,13.33,0,100.4,159.4,10.4,1003.8,903.8,3
X261,212.6,25.37,0,100.4,159.4,10.4,1003.8,903.8,14
X262,212.6,37.4,0,100.4,159.4,10.4,1003.8,903.8,28
X263,212.6,44.4,0,100.4,159.4,10.4,1003.8,903.8,56
X264,212.6,47.74,0,100.4,159.4,10.4,1003.8,903.8,100
X265,212,19.52,0,124.8,159,7.8,1085.4,799.5,3
X266,212,31.35,0,124.8,159,7.8,1085.4,799.5,14
X267,212,38.5,0,124.8,159,7.8,1085.4,799.5,28
X268,212,45.08,0,124.8,159,7.8,1085.4,799.5,56
X269,212,47.82,0,124.8,159,7.8,1085.4,799.5,100
X270,231.8,15.44,0,121.6,174,6.7,1056.4,778.5,3
X271,231.8,26.77,0,121.6,174,6.7,1056.4,778.5,14
X272,231.8,33.73,0,121.6,174,6.7,1056.4,778.5,28
X273,231.8,42.7,0,121.6,174,6.7,1056.4,778.5,56
X274,231.8,45.84,0,121.6,174,6.7,1056.4,778.5,100
X275,251.4,17.22,0,118.3,188.5,5.8,1028.4,757.7,3
X276,251.4,29.93,0,118.3,188.5,5.8,1028.4,757.7,14
X277,251.4,29.65,0,118.3,188.5,5.8,1028.4,757.7,28
X278,251.4,36.97,0,118.3,188.5,5.8,1028.4,757.7,56
X279,251.4,43.58,0,118.3,188.5,5.8,1028.4,757.7,100
X280,251.4,13.12,0,118.3,188.5,6.4,1028.4,757.7,3
X281,251.4,24.43,0,118.3,188.5,6.4,1028.4,757.7,14
X282,251.4,32.66,0,118.3,188.5,6.4,1028.4,757.7,28
X283,251.4,36.64,0,118.3,188.5,6.4,1028.4,757.7,56
X284,251.4,44.21,0,118.3,188.5,6.4,1028.4,757.7,100
X285,181.4,13.62,0,167,169.6,7.6,1055.6,777.8,3
X286,181.4,21.6,0,167,169.6,7.6,1055.6,777.8,14
X287,181.4,27.77,0,167,169.6,7.6,1055.6,777.8,28
X288,181.4,35.57,0,167,169.6,7.6,1055.6,777.8,56
X289,181.4,45.37,0,167,169.6,7.6,1055.6,777.8,100
X290,182,7.32,45.2,122,170.2,8.2,1059.4,780.7,3
X291,182,21.5,45.2,122,170.2,8.2,1059.4,780.7,14
X292,182,31.27,45.2,122,170.2,8.2,1059.4,780.7,28
X293,182,43.5,45.2,122,170.2,8.2,1059.4,780.7,56
X294,182,48.67,45.2,122,170.2,8.2,1059.4,780.7,100
X295,168.9,7.4,42.2,124.3,158.3,10.8,1080.8,796.2,3
X296,168.9,23.51,42.2,124.3,158.3,10.8,1080.8,796.2,14
X297,168.9,31.12,42.2,124.3,158.3,10.8,1080.8,796.2,28
X298,168.9,39.15,42.2,124.3,158.3,10.8,1080.8,796.2,56
X299,168.9,48.15,42.2,124.3,158.3,10.8,1080.8,796.2,100
X300,290.4,22.5,0,96.2,168.1,9.4,961.2,865,3
X301,290.4,34.67,0,96.2,168.1,9.4,961.2,865,14
X302,290.4,34.74,0,96.2,168.1,9.4,961.2,865,28
X303,290.4,45.08,0,96.2,168.1,9.4,961.2,865,56
X304,290.4,48.97,0,96.2,168.1,9.4,961.2,865,100
X305,277.1,23.14,0,97.4,160.6,11.8,973.9,875.6,3
X306,277.1,41.89,0,97.4,160.6,11.8,973.9,875.6,14
X307,277.1,48.28,0,97.4,160.6,11.8,973.9,875.6,28
X308,277.1,51.04,0,97.4,160.6,11.8,973.9,875.6,56
X309,277.1,55.64,0,97.4,160.6,11.8,973.9,875.6,100
X310,295.7,22.95,0,95.6,171.5,8.9,955.1,859.2,3
X311,295.7,35.23,0,95.6,171.5,8.9,955.1,859.2,14
X312,295.7,39.94,0,95.6,171.5,8.9,955.1,859.2,28
X313,295.7,48.72,0,95.6,171.5,8.9,955.1,859.2,56
X314,295.7,52.04,0,95.6,171.5,8.9,955.1,859.2,100
X315,251.8,21.02,0,99.9,146.1,12.4,1006,899.8,3
X316,251.8,33.36,0,99.9,146.1,12.4,1006,899.8,14
X317,251.8,33.94,0,99.9,146.1,12.4,1006,899.8,28
X318,251.8,44.14,0,99.9,146.1,12.4,1006,899.8,56
X319,251.8,45.37,0,99.9,146.1,12.4,1006,899.8,100
X320,249.1,15.36,0,98.8,158.1,12.8,987.8,889,3
X321,249.1,28.68,0,98.8,158.1,12.8,987.8,889,14
X322,249.1,30.85,0,98.8,158.1,12.8,987.8,889,28
X323,249.1,42.03,0,98.8,158.1,12.8,987.8,889,56
X324,249.1,51.06,0,98.8,158.1,12.8,987.8,889,100
X325,252.3,21.78,0,98.8,146.3,14.2,987.8,889,3
X326,252.3,42.29,0,98.8,146.3,14.2,987.8,889,14
X327,252.3,50.6,0,98.8,146.3,14.2,987.8,889,28
X328,252.3,55.83,0,98.8,146.3,14.2,987.8,889,56
X329,252.3,60.95,0,98.8,146.3,14.2,987.8,889,100
X330,246.8,23.52,0,125.1,143.3,12,1086.8,800.9,3
X331,246.8,42.22,0,125.1,143.3,12,1086.8,800.9,14
X332,246.8,52.5,0,125.1,143.3,12,1086.8,800.9,28
X333,246.8,60.32,0,125.1,143.3,12,1086.8,800.9,56
X334,246.8,66.42,0,125.1,143.3,12,1086.8,800.9,100
X335,275.1,23.8,0,121.4,159.5,9.9,1053.6,777.5,3
X336,275.1,38.77,0,121.4,159.5,9.9,1053.6,777.5,14
X337,275.1,51.33,0,121.4,159.5,9.9,1053.6,777.5,28
X338,275.1,56.85,0,121.4,159.5,9.9,1053.6,777.5,56
X339,275.1,58.61,0,121.4,159.5,9.9,1053.6,777.5,100
X340,297.2,21.91,0,117.5,174.8,9.5,1022.8,753.5,3
X341,297.2,36.99,0,117.5,174.8,9.5,1022.8,753.5,14
X342,297.2,47.4,0,117.5,174.8,9.5,1022.8,753.5,28
X343,297.2,51.96,0,117.5,174.8,9.5,1022.8,753.5,56
X344,297.2,56.74,0,117.5,174.8,9.5,1022.8,753.5,100
X345,213.7,17.57,0,174.7,154.8,10.2,1053.5,776.4,3
X346,213.7,33.73,0,174.7,154.8,10.2,1053.5,776.4,14
X347,213.7,40.15,0,174.7,154.8,10.2,1053.5,776.4,28
X348,213.7,46.64,0,174.7,154.8,10.2,1053.5,776.4,56
X349,213.7,50.08,0,174.7,154.8,10.2,1053.5,776.4,100
X350,213.5,17.37,0,174.2,154.6,11.7,1052.3,775.5,3
X351,213.5,33.7,0,174.2,154.6,11.7,1052.3,775.5,14
X352,213.5,45.94,0,174.2,154.6,11.7,1052.3,775.5,28
X353,213.5,51.43,0,174.2,154.6,11.7,1052.3,775.5,56
X354,213.5,59.3,0,174.2,154.6,11.7,1052.3,775.5,100
X355,277.2,30.45,97.8,24.5,160.7,11.2,1061.7,782.5,3
X356,277.2,47.71,97.8,24.5,160.7,11.2,1061.7,782.5,14
X357,277.2,63.14,97.8,24.5,160.7,11.2,1061.7,782.5,28
X358,277.2,66.82,97.8,24.5,160.7,11.2,1061.7,782.5,56
X359,277.2,66.95,97.8,24.5,160.7,11.2,1061.7,782.5,100
X360,218.2,27.42,54.6,123.8,140.8,11.9,1075.7,792.7,3
X361,218.2,35.96,54.6,123.8,140.8,11.9,1075.7,792.7,14
X362,218.2,55.51,54.6,123.8,140.8,11.9,1075.7,792.7,28
X363,218.2,61.99,54.6,123.8,140.8,11.9,1075.7,792.7,56
X364,218.2,63.53,54.6,123.8,140.8,11.9,1075.7,792.7,100
X365,214.9,18.02,53.8,121.9,155.6,9.6,1014.3,780.6,3
X366,214.9,38.6,53.8,121.9,155.6,9.6,1014.3,780.6,14
X367,214.9,52.2,53.8,121.9,155.6,9.6,1014.3,780.6,28
X368,214.9,53.96,53.8,121.9,155.6,9.6,1014.3,780.6,56
X369,214.9,56.63,53.8,121.9,155.6,9.6,1014.3,780.6,100
X370,218.9,15.34,0,124.1,158.5,11.3,1078.7,794.9,3
X371,218.9,26.05,0,124.1,158.5,11.3,1078.7,794.9,14
X372,218.9,30.22,0,124.1,158.5,11.3,1078.7,794.9,28
X373,218.9,37.27,0,124.1,158.5,11.3,1078.7,794.9,56
X374,218.9,46.23,0,124.1,158.5,11.3,1078.7,794.9,100
X375,376,16.28,0,0,214.6,0,1003.5,762.4,3
X376,376,25.62,0,0,214.6,0,1003.5,762.4,14
X377,376,31.97,0,0,214.6,0,1003.5,762.4,28
X378,376,36.3,0,0,214.6,0,1003.5,762.4,56
X379,376,43.06,0,0,214.6,0,1003.5,762.4,100
X380,500,67.57,0,0,140,4,966,853,28
X381,475,57.23,0,59,142,1.9,1098,641,28
X382,315,81.75,137,0,145,5.9,1130,745,28
X383,505,64.02,0,60,195,0,1030,630,28
X384,451,78.8,0,0,165,11.3,1030,745,28
X385,516,41.37,0,0,162,8.2,801,802,28
X386,520,60.28,0,0,170,5.2,855,855,28
X387,528,56.83,0,0,185,6.9,920,720,28
X388,520,51.02,0,0,175,5.2,870,805,28
X389,385,55.55,0,136,158,20,903,768,28
X390,500.1,44.13,0,0,200,3,1124.4,613.2,28
X391,450.1,39.38,50,0,200,3,1124.4,613.2,28
X392,397,55.65,17.2,158,167,20.8,967,633,28
X393,333,47.28,17.5,163,167,17.9,996,652,28
X394,334,44.33,17.6,158,189,15.3,967,633,28
X395,405,52.3,0,0,175,0,1120,695,28
X396,200,49.25,200,0,190,0,1145,660,28
X397,516,41.37,0,0,162,8.3,801,802,28
X398,145,29.16,116,119,184,5.7,833,880,28
X399,160,39.4,128,122,182,6.4,824,879,28
X400,234,39.3,156,0,189,5.9,981,760,28
X401,250,67.87,180,95,159,9.5,860,800,28
X402,475,58.52,0,0,162,9.5,1044,662,28
X403,285,53.58,190,0,163,7.6,1031,685,28
X404,356,59,119,0,160,9,1061,657,28
X405,275,76.24,180,120,162,10.4,830,765,28
X406,500,69.84,0,0,151,9,1033,655,28
X407,165,14.4,0,143.6,163.8,0,1005.6,900.9,3
X408,165,19.42,128.5,132.1,175.1,8.1,1005.8,746.6,3
X409,178,20.73,129.8,118.6,179.9,3.6,1007.3,746.8,3
X410,167.4,14.94,129.9,128.6,175.5,7.8,1006.3,746.6,3
X411,172.4,21.29,13.6,172.4,156.8,4.1,1006.3,856.4,3
X412,173.5,23.08,50.1,173.5,164.8,6.5,1006.2,793.5,3
X413,167,15.52,75.4,167,164,7.9,1007.3,770.1,3
X414,173.8,15.82,93.4,159.9,172.3,9.7,1007.2,746.6,3
X415,190.3,12.55,0,125.2,166.6,9.9,1079,798.9,3
X416,250,8.49,0,95.7,191.8,5.3,948.9,857.2,3
X417,213.5,15.61,0,174.2,159.2,11.7,1043.6,771.9,3
X418,194.7,12.18,0,100.5,170.2,7.5,998,901.8,3
X419,251.4,11.98,0,118.3,192.9,5.8,1043.6,754.3,3
X420,165,16.88,0,143.6,163.8,0,1005.6,900.9,14
X421,165,33.09,128.5,132.1,175.1,8.1,1005.8,746.6,14
X422,178,34.24,129.8,118.6,179.9,3.6,1007.3,746.8,14
X423,167.4,31.81,129.9,128.6,175.5,7.8,1006.3,746.6,14
X424,172.4,29.75,13.6,172.4,156.8,4.1,1006.3,856.4,14
X425,173.5,33.01,50.1,173.5,164.8,6.5,1006.2,793.5,14
X426,167,32.9,75.4,167,164,7.9,1007.3,770.1,14
X427,173.8,29.55,93.4,159.9,172.3,9.7,1007.2,746.6,14
X428,190.3,19.42,0,125.2,166.6,9.9,1079,798.9,14
X429,250,24.66,0,95.7,191.8,5.3,948.9,857.2,14
X430,213.5,29.59,0,174.2,159.2,11.7,1043.6,771.9,14
X431,194.7,24.28,0,100.5,170.2,7.5,998,901.8,14
X432,251.4,20.73,0,118.3,192.9,5.8,1043.6,754.3,14
X433,165,26.2,0,143.6,163.8,0,1005.6,900.9,28
X434,165,46.39,128.5,132.1,175.1,8.1,1005.8,746.6,28
X435,178,39.16,129.8,118.6,179.9,3.6,1007.3,746.8,28
X436,167.4,41.2,129.9,128.6,175.5,7.8,1006.3,746.6,28
X437,172.4,33.69,13.6,172.4,156.8,4.1,1006.3,856.4,28
X438,173.5,38.2,50.1,173.5,164.8,6.5,1006.2,793.5,28
X439,167,41.41,75.4,167,164,7.9,1007.3,770.1,28
X440,173.8,37.81,93.4,159.9,172.3,9.7,1007.2,746.6,28
X441,190.3,24.85,0,125.2,166.6,9.9,1079,798.9,28
X442,250,27.22,0,95.7,191.8,5.3,948.9,857.2,28
X443,213.5,44.64,0,174.2,159.2,11.7,1043.6,771.9,28
X444,194.7,37.27,0,100.5,170.2,7.5,998,901.8,28
X445,251.4,33.27,0,118.3,192.9,5.8,1043.6,754.3,28
X446,165,36.56,0,143.6,163.8,0,1005.6,900.9,56
X447,165,53.72,128.5,132.1,175.1,8.1,1005.8,746.6,56
X448,178,48.59,129.8,118.6,179.9,3.6,1007.3,746.8,56
X449,167.4,51.72,129.9,128.6,175.5,7.8,1006.3,746.6,56
X450,172.4,35.85,13.6,172.4,156.8,4.1,1006.3,856.4,56
X451,173.5,53.77,50.1,173.5,164.8,6.5,1006.2,793.5,56
X452,167,53.46,75.4,167,164,7.9,1007.3,770.1,56
X453,173.8,48.99,93.4,159.9,172.3,9.7,1007.2,746.6,56
X454,190.3,31.72,0,125.2,166.6,9.9,1079,798.9,56
X455,250,39.64,0,95.7,191.8,5.3,948.9,857.2,56
X456,213.5,51.26,0,174.2,159.2,11.7,1043.6,771.9,56
X457,194.7,43.39,0,100.5,170.2,7.5,998,901.8,56
X458,251.4,39.27,0,118.3,192.9,5.8,1043.6,754.3,56
X459,165,37.96,0,143.6,163.8,0,1005.6,900.9,100
X460,165,55.02,128.5,132.1,175.1,8.1,1005.8,746.6,100
X461,178,49.99,129.8,118.6,179.9,3.6,1007.3,746.8,100
X462,167.4,53.66,129.9,128.6,175.5,7.8,1006.3,746.6,100
X463,172.4,37.68,13.6,172.4,156.8,4.1,1006.3,856.4,100
X464,173.5,56.06,50.1,173.5,164.8,6.5,1006.2,793.5,100
X465,167,56.81,75.4,167,164,7.9,1007.3,770.1,100
X466,173.8,50.94,93.4,159.9,172.3,9.7,1007.2,746.6,100
X467,190.3,33.56,0,125.2,166.6,9.9,1079,798.9,100
X468,250,41.16,0,95.7,191.8,5.3,948.9,857.2,100
X469,213.5,52.96,0,174.2,159.2,11.7,1043.6,771.9,100
X470,194.7,44.28,0,100.5,170.2,7.5,998,901.8,100
X471,251.4,40.15,0,118.3,192.9,5.8,1043.6,754.3,100
X472,446,57.03,24,79,162,11.6,967,712,28
X473,446,44.42,24,79,162,11.6,967,712,28
X474,446,51.02,24,79,162,11.6,967,712,28
X475,446,53.39,24,79,162,10.3,967,712,28
X476,446,35.36,24,79,162,11.6,967,712,3
X477,446,25.02,24,79,162,11.6,967,712,3
X478,446,23.35,24,79,162,11.6,967,712,3
X479,446,52.01,24,79,162,11.6,967,712,7
X480,446,38.02,24,79,162,11.6,967,712,7
X481,446,39.3,24,79,162,11.6,967,712,7
X482,446,61.07,24,79,162,11.6,967,712,56
X483,446,56.14,24,79,162,11.6,967,712,56
X484,446,55.25,24,79,162,11.6,967,712,56
X485,446,54.77,24,79,162,10.3,967,712,56
X486,387,50.24,20,94,157,14.3,938,845,28
X487,387,46.68,20,94,157,13.9,938,845,28
X488,387,46.68,20,94,157,11.6,938,845,28
X489,387,22.75,20,94,157,14.3,938,845,3
X490,387,25.51,20,94,157,13.9,938,845,3
X491,387,34.77,20,94,157,11.6,938,845,3
X492,387,36.84,20,94,157,14.3,938,845,7
X493,387,45.9,20,94,157,13.9,938,845,7
X494,387,41.67,20,94,157,11.6,938,845,7
X495,387,56.34,20,94,157,14.3,938,845,56
X496,387,47.97,20,94,157,13.9,938,845,56
X497,387,61.46,20,94,157,11.6,938,845,56
X498,355,44.03,19,97,145,13.1,967,871,28
X499,355,55.45,19,97,145,12.3,967,871,28
X500,491,55.55,26,123,210,3.9,882,699,28
X501,491,57.92,26,123,201,3.9,822,699,28
X502,491,25.61,26,123,210,3.9,882,699,3
X503,491,33.49,26,123,210,3.9,882,699,7
X504,491,59.59,26,123,210,3.9,882,699,56
X505,491,29.55,26,123,201,3.9,822,699,3
X506,491,37.92,26,123,201,3.9,822,699,7
X507,491,61.86,26,123,201,3.9,822,699,56
X508,424,62.05,22,132,178,8.5,822,750,28
X509,424,32.01,22,132,178,8.5,882,750,3
X510,424,72.1,22,132,168,8.9,822,750,28
X511,424,39,22,132,178,8.5,822,750,7
X512,424,65.7,22,132,178,8.5,822,750,56
X513,424,32.11,22,132,168,8.9,822,750,3
X514,424,40.29,22,132,168,8.9,822,750,7
X515,424,74.36,22,132,168,8.9,822,750,56
X516,202,21.97,11,141,206,1.7,942,801,28
X517,202,9.85,11,141,206,1.7,942,801,3
X518,202,15.07,11,141,206,1.7,942,801,7
X519,202,23.25,11,141,206,1.7,942,801,56
X520,284,43.73,15,141,179,5.5,842,801,28
X521,284,13.4,15,141,179,5.5,842,801,3
X522,284,24.13,15,141,179,5.5,842,801,7
X523,284,44.52,15,141,179,5.5,842,801,56
X524,359,62.94,19,141,154,10.9,942,801,28
X525,359,59.49,19,141,154,10.9,942,801,28
X526,359,25.12,19,141,154,10.9,942,801,3
X527,359,23.64,19,141,154,10.9,942,801,3
X528,359,35.75,19,141,154,10.9,942,801,7
X529,359,38.61,19,141,154,10.9,942,801,7
X530,359,68.75,19,141,154,10.9,942,801,56
X531,359,66.78,19,141,154,10.9,942,801,56
X532,436,23.85,0,0,218,0,838.4,719.7,28
X533,289,32.07,0,0,192,0,913.2,895.3,90
X534,289,11.65,0,0,192,0,913.2,895.3,3
X535,393,19.2,0,0,192,0,940.6,785.6,3
X536,393,48.85,0,0,192,0,940.6,785.6,90
X537,393,39.6,0,0,192,0,940.6,785.6,28
X538,480,43.94,0,0,192,0,936.2,712.2,28
X539,480,34.57,0,0,192,0,936.2,712.2,7
X540,480,54.32,0,0,192,0,936.2,712.2,90
X541,480,24.4,0,0,192,0,936.2,712.2,3
X542,333,15.62,0,0,192,0,931.2,842.6,3
X543,255,21.86,0,0,192,0,889.8,945,90
X544,255,10.22,0,0,192,0,889.8,945,7
X545,289,14.6,0,0,192,0,913.2,895.3,7
X546,255,18.75,0,0,192,0,889.8,945,28
X547,333,31.97,0,0,192,0,931.2,842.6,28
X548,333,23.4,0,0,192,0,931.2,842.6,7
X549,289,25.57,0,0,192,0,913.2,895.3,28
X550,333,41.68,0,0,192,0,931.2,842.6,90
X551,393,27.74,0,0,192,0,940.6,785.6,7
X552,255,8.2,0,0,192,0,889.8,945,3
X553,158.8,9.62,238.2,0,185.7,0,1040.6,734.3,7
X554,239.6,25.42,359.4,0,185.7,0,941.6,664.3,7
X555,238.2,15.69,158.8,0,185.7,0,1040.6,734.3,7
X556,181.9,27.94,272.8,0,185.7,0,1012.4,714.3,28
X557,193.5,32.63,290.2,0,185.7,0,998.2,704.3,28
X558,255.5,17.24,170.3,0,185.7,0,1026.6,724.3,7
X559,272.8,19.77,181.9,0,185.7,0,1012.4,714.3,7
X560,239.6,39.44,359.4,0,185.7,0,941.6,664.3,28
X561,220.8,25.75,147.2,0,185.7,0,1055,744.3,28
X562,397,33.08,0,0,185.7,0,1040.6,734.3,28
X563,382.5,24.07,0,0,185.7,0,1047.8,739.3,7
X564,210.7,21.82,316.1,0,185.7,0,977,689.3,7
X565,158.8,21.07,238.2,0,185.7,0,1040.6,734.3,28
X566,295.8,14.84,0,0,185.7,0,1091.4,769.3,7
X567,255.5,32.05,170.3,0,185.7,0,1026.6,724.3,28
X568,203.5,11.96,135.7,0,185.7,0,1076.2,759.3,7
X569,397,25.45,0,0,185.7,0,1040.6,734.3,7
X570,381.4,22.49,0,0,185.7,0,1104.6,784.3,28
X571,295.8,25.22,0,0,185.7,0,1091.4,769.3,28
X572,228,39.7,342.1,0,185.7,0,955.8,674.3,28
X573,220.8,13.09,147.2,0,185.7,0,1055,744.3,7
X574,316.1,38.7,210.7,0,185.7,0,977,689.3,28
X575,135.7,7.51,203.5,0,185.7,0,1076.2,759.3,7
X576,238.1,17.58,0,0,185.7,0,1118.8,789.3,28
X577,339.2,21.18,0,0,185.7,0,1069.2,754.3,7
X578,135.7,18.2,203.5,0,185.7,0,1076.2,759.3,28
X579,193.5,17.2,290.2,0,185.7,0,998.2,704.3,7
X580,203.5,22.63,135.7,0,185.7,0,1076.2,759.3,28
X581,290.2,21.86,193.5,0,185.7,0,998.2,704.3,7
X582,181.9,12.37,272.8,0,185.7,0,1012.4,714.3,7
X583,170.3,25.73,155.5,0,185.7,0,1026.6,724.3,28
X584,210.7,37.81,316.1,0,185.7,0,977,689.3,28
X585,228,21.92,342.1,0,185.7,0,955.8,674.3,7
X586,290.2,33.04,193.5,0,185.7,0,998.2,704.3,28
X587,381.4,14.54,0,0,185.7,0,1104.6,784.3,7
X588,238.2,26.91,158.8,0,185.7,0,1040.6,734.3,28
X589,186.2,8,124.1,0,185.7,0,1083.4,764.3,7
X590,339.2,31.9,0,0,185.7,0,1069.2,754.3,28
X591,238.1,10.34,0,0,185.7,0,1118.8,789.3,7
X592,252.5,19.77,0,0,185.7,0,1111.6,784.3,28
X593,382.5,37.44,0,0,185.7,0,1047.8,739.3,28
X594,252.5,11.48,0,0,185.7,0,1111.6,784.3,7
X595,316.1,24.44,210.7,0,185.7,0,977,689.3,7
X596,186.2,17.6,124.1,0,185.7,0,1083.4,764.3,28
X597,170.3,10.73,155.5,0,185.7,0,1026.6,724.3,7
X598,272.8,31.38,181.9,0,185.7,0,1012.4,714.3,28
X599,339,13.22,0,0,197,0,968,781,3
X600,339,20.97,0,0,197,0,968,781,7
X601,339,27.04,0,0,197,0,968,781,14
X602,339,32.04,0,0,197,0,968,781,28
X603,339,35.17,0,0,197,0,968,781,90
X604,339,36.45,0,0,197,0,968,781,180
X605,339,38.89,0,0,197,0,968,781,365
X606,236,6.47,0,0,194,0,968,885,3
X607,236,12.84,0,0,194,0,968,885,14
X608,236,18.42,0,0,194,0,968,885,28
X609,236,21.95,0,0,194,0,968,885,90
X610,236,24.1,0,0,193,0,968,885,180
X611,236,25.08,0,0,193,0,968,885,365
X612,277,21.26,0,0,191,0,968,856,14
X613,277,25.97,0,0,191,0,968,856,28
X614,277,11.36,0,0,191,0,968,856,3
X615,277,31.25,0,0,191,0,968,856,90
X616,277,32.33,0,0,191,0,968,856,180
X617,277,33.7,0,0,191,0,968,856,360
X618,254,9.31,0,0,198,0,968,863,3
X619,254,26.94,0,0,198,0,968,863,90
X620,254,27.63,0,0,198,0,968,863,180
X621,254,29.79,0,0,198,0,968,863,365
X622,307,34.49,0,0,193,0,968,812,180
X623,307,36.15,0,0,193,0,968,812,365
X624,307,12.54,0,0,193,0,968,812,3
X625,307,27.53,0,0,193,0,968,812,28
X626,307,32.92,0,0,193,0,968,812,90
X627,236,9.99,0,0,193,0,968,885,7
X628,200,7.84,0,0,180,0,1125,845,7
X629,200,12.25,0,0,180,0,1125,845,28
X630,225,11.17,0,0,181,0,1113,833,7
X631,225,17.34,0,0,181,0,1113,833,28
X632,325,17.54,0,0,184,0,1063,783,7
X633,325,30.57,0,0,184,0,1063,783,28
X634,275,14.2,0,0,183,0,1088,808,7
X635,275,24.5,0,0,183,0,1088,808,28
X636,300,15.58,0,0,184,0,1075,795,7
X637,300,26.85,0,0,184,0,1075,795,28
X638,375,26.06,0,0,186,0,1038,758,7
X639,375,38.21,0,0,186,0,1038,758,28
X640,400,43.7,0,0,187,0,1025,745,28
X641,400,30.14,0,0,187,0,1025,745,7
X642,250,12.73,0,0,182,0,1100,820,7
X643,250,20.87,0,0,182,0,1100,820,28
X644,350,20.28,0,0,186,0,1050,770,7
X645,350,34.29,0,0,186,0,1050,770,28
X646,203.5,19.54,305.3,0,203.5,0,963.4,630,7
X647,250.2,47.71,166.8,0,203.5,0,977.6,694.1,90
X648,157,43.38,236,0,192,0,935.4,781.2,90
X649,141.3,29.89,212,0,203.5,0,971.8,748.5,28
X650,166.8,6.9,250.2,0,203.5,0,975.6,692.6,3
X651,122.6,33.19,183.9,0,203.5,0,958.2,800.1,90
X652,183.9,4.9,122.6,0,203.5,0,959.2,800,3
X653,102,4.57,153,0,192,0,887,942,3
X654,102,25.46,153,0,192,0,887,942,90
X655,122.6,24.29,183.9,0,203.5,0,958.2,800.1,28
X656,166.8,33.95,250.2,0,203.5,0,975.6,692.6,28
X657,200,11.41,133,0,192,0,965.4,806.2,3
X658,108.3,20.59,162.4,0,203.5,0,938.2,849,28
X659,305.3,25.89,203.5,0,203.5,0,965.4,631,7
X660,108.3,29.23,162.4,0,203.5,0,938.2,849,90
X661,116,31.02,173,0,192,0,909.8,891.9,90
X662,141.3,10.39,212,0,203.5,0,971.8,748.5,7
X663,157,33.66,236,0,192,0,935.4,781.2,28
X664,133,27.87,200,0,192,0,927.4,839.2,28
X665,250.2,19.35,166.8,0,203.5,0,977.6,694.1,7
X666,173,11.39,116,0,192,0,946.8,856.8,7
X667,192,12.79,288,0,192,0,929.8,716.1,3
X668,192,39.32,288,0,192,0,929.8,716.1,28
X669,153,4.78,102,0,192,0,888,943.1,3
X670,288,16.11,192,0,192,0,932,717.8,3
X671,305.3,43.38,203.5,0,203.5,0,965.4,631,28
X672,236,20.42,157,0,192,0,972.6,749.1,7
X673,173,6.94,116,0,192,0,946.8,856.8,3
X674,212,15.03,141.3,0,203.5,0,973.4,750,7
X675,236,13.57,157,0,192,0,972.6,749.1,3
X676,183.9,32.53,122.6,0,203.5,0,959.2,800,90
X677,166.8,15.75,250.2,0,203.5,0,975.6,692.6,7
X678,102,7.68,153,0,192,0,887,942,7
X679,288,38.8,192,0,192,0,932,717.8,28
X680,212,33,141.3,0,203.5,0,973.4,750,28
X681,102,17.28,153,0,192,0,887,942,28
X682,173,24.28,116,0,192,0,946.8,856.8,28
X683,183.9,24.05,122.6,0,203.5,0,959.2,800,28
X684,133,36.59,200,0,192,0,927.4,839.2,90
X685,192,50.73,288,0,192,0,929.8,716.1,90
X686,133,13.66,200,0,192,0,927.4,839.2,7
X687,305.3,14.14,203.5,0,203.5,0,965.4,631,3
X688,236,47.78,157,0,192,0,972.6,749.1,90
X689,108.3,2.33,162.4,0,203.5,0,938.2,849,3
X690,157,16.89,236,0,192,0,935.4,781.2,7
X691,288,23.52,192,0,192,0,932,717.8,7
X692,212,6.81,141.3,0,203.5,0,973.4,750,3
X693,212,39.7,141.3,0,203.5,0,973.4,750,90
X694,153,17.96,102,0,192,0,888,943.1,28
X695,236,32.88,157,0,192,0,972.6,749.1,28
X696,116,22.35,173,0,192,0,909.8,891.9,28
X697,183.9,10.79,122.6,0,203.5,0,959.2,800,7
X698,108.3,7.72,162.4,0,203.5,0,938.2,849,7
X699,203.5,41.68,305.3,0,203.5,0,963.4,630,28
X700,203.5,9.56,305.3,0,203.5,0,963.4,630,3
X701,133,6.88,200,0,192,0,927.4,839.2,3
X702,288,50.53,192,0,192,0,932,717.8,90
X703,200,17.17,133,0,192,0,965.4,806.2,7
X704,200,30.44,133,0,192,0,965.4,806.2,28
X705,250.2,9.73,166.8,0,203.5,0,977.6,694.1,3
X706,122.6,3.32,183.9,0,203.5,0,958.2,800.1,3
X707,153,26.32,102,0,192,0,888,943.1,90
X708,200,43.25,133,0,192,0,965.4,806.2,90
X709,116,6.28,173,0,192,0,909.8,891.9,3
X710,173,32.1,116,0,192,0,946.8,856.8,90
X711,250.2,36.96,166.8,0,203.5,0,977.6,694.1,28
X712,305.3,54.6,203.5,0,203.5,0,965.4,631,90
X713,192,21.48,288,0,192,0,929.8,716.1,7
X714,157,9.69,236,0,192,0,935.4,781.2,3
X715,153,8.37,102,0,192,0,888,943.1,7
X716,141.3,39.66,212,0,203.5,0,971.8,748.5,90
X717,116,10.09,173,0,192,0,909.8,891.9,7
X718,141.3,4.83,212,0,203.5,0,971.8,748.5,3
X719,122.6,10.35,183.9,0,203.5,0,958.2,800.1,7
X720,166.8,43.57,250.2,0,203.5,0,975.6,692.6,90
X721,203.5,51.86,305.3,0,203.5,0,963.4,630,90
X722,310,11.85,0,0,192,0,1012,830,3
X723,310,17.24,0,0,192,0,1012,830,7
X724,310,27.83,0,0,192,0,1012,830,28
X725,310,35.76,0,0,192,0,1012,830,90
X726,310,38.7,0,0,192,0,1012,830,120
X727,331,14.31,0,0,192,0,1025,821,3
X728,331,17.44,0,0,192,0,1025,821,7
X729,331,31.74,0,0,192,0,1025,821,28
X730,331,37.91,0,0,192,0,1025,821,90
X731,331,39.38,0,0,192,0,1025,821,120
X732,349,15.87,0,0,192,0,1056,809,3
X733,349,9.01,0,0,192,0,1056,809,7
X734,349,33.61,0,0,192,0,1056,809,28
X735,349,40.66,0,0,192,0,1056,809,90
X736,349,40.86,0,0,192,0,1056,809,120
X737,238,12.05,0,0,186,0,1119,789,7
X738,238,17.54,0,0,186,0,1119,789,28
X739,296,18.91,0,0,186,0,1090,769,7
X740,296,25.18,0,0,186,0,1090,769,28
X741,297,30.96,0,0,186,0,1040,734,7
X742,480,43.89,0,0,192,0,936,721,28
X743,480,54.28,0,0,192,0,936,721,90
X744,397,36.94,0,0,186,0,1040,734,28
X745,281,14.5,0,0,186,0,1104,774,7
X746,281,22.44,0,0,185,0,1104,774,28
X747,500,12.64,0,0,200,0,1125,613,1
X748,500,26.06,0,0,200,0,1125,613,3
X749,500,33.21,0,0,200,0,1125,613,7
X750,500,36.94,0,0,200,0,1125,613,14
X751,500,44.09,0,0,200,0,1125,613,28
X752,540,52.61,0,0,173,0,1125,613,7
X753,540,59.76,0,0,173,0,1125,613,14
X754,540,67.31,0,0,173,0,1125,613,28
X755,540,69.66,0,0,173,0,1125,613,90
X756,540,71.62,0,0,173,0,1125,613,180
X757,540,74.17,0,0,173,0,1125,613,270
X758,350,18.13,0,0,203,0,974,775,7
X759,350,22.53,0,0,203,0,974,775,14
X760,350,27.34,0,0,203,0,974,775,28
X761,350,29.98,0,0,203,0,974,775,56
X762,350,31.35,0,0,203,0,974,775,90
X763,350,32.72,0,0,203,0,974,775,180
X764,385,6.27,0,0,186,0,966,763,1
X765,385,14.7,0,0,186,0,966,763,3
X766,385,23.22,0,0,186,0,966,763,7
X767,385,27.92,0,0,186,0,966,763,14
X768,385,31.35,0,0,186,0,966,763,28
X769,331,39,0,0,192,0,978,825,180
X770,331,41.24,0,0,192,0,978,825,360
X771,349,14.99,0,0,192,0,1047,806,3
X772,331,13.52,0,0,192,0,978,825,3
X773,382,24,0,0,186,0,1047,739,7
X774,382,37.42,0,0,186,0,1047,739,28
X775,382,11.47,0,0,186,0,1111,784,7
X776,281,22.44,0,0,186,0,1104,774,28
X777,339,21.16,0,0,185,0,1069,754,7
X778,339,31.84,0,0,185,0,1069,754,28
X779,295,14.8,0,0,185,0,1069,769,7
X780,295,25.18,0,0,185,0,1069,769,28
X781,238,17.54,0,0,185,0,1118,789,28
X782,296,14.2,0,0,192,0,1085,765,7
X783,296,21.65,0,0,192,0,1085,765,28
X784,296,29.39,0,0,192,0,1085,765,90
X785,331,13.52,0,0,192,0,879,825,3
X786,331,16.26,0,0,192,0,978,825,7
X787,331,31.45,0,0,192,0,978,825,28
X788,331,37.23,0,0,192,0,978,825,90
X789,349,18.13,0,0,192,0,1047,806,7
X790,349,32.72,0,0,192,0,1047,806,28
X791,349,39.49,0,0,192,0,1047,806,90
X792,349,41.05,0,0,192,0,1047,806,180
X793,349,42.13,0,0,192,0,1047,806,360
X794,302,18.13,0,0,203,0,974,817,14
X795,302,26.74,0,0,203,0,974,817,180
X796,525,61.92,0,0,189,0,1125,613,180
X797,500,47.22,0,0,200,0,1125,613,90
X798,500,51.04,0,0,200,0,1125,613,180
X799,500,55.16,0,0,200,0,1125,613,270
X800,540,41.64,0,0,173,0,1125,613,3
X801,252,13.71,0,0,185,0,1111,784,7
X802,252,19.69,0,0,185,0,1111,784,28
X803,339,31.65,0,0,185,0,1060,754,28
X804,393,19.11,0,0,192,0,940,758,3
X805,393,39.58,0,0,192,0,940,758,28
X806,393,48.79,0,0,192,0,940,758,90
X807,382,24,0,0,185,0,1047,739,7
X808,382,37.42,0,0,185,0,1047,739,28
X809,252,11.47,0,0,186,0,1111,784,7
X810,252,19.69,0,0,185,0,1111,784,28
X811,310,14.99,0,0,192,0,970,850,7
X812,310,27.92,0,0,192,0,970,850,28
X813,310,34.68,0,0,192,0,970,850,90
X814,310,37.33,0,0,192,0,970,850,180
X815,310,38.11,0,0,192,0,970,850,360
X816,525,33.8,0,0,189,0,1125,613,3
X817,525,42.42,0,0,189,0,1125,613,7
X818,525,48.4,0,0,189,0,1125,613,14
X819,525,55.94,0,0,189,0,1125,613,28
X820,525,58.78,0,0,189,0,1125,613,90
X821,525,67.11,0,0,189,0,1125,613,270
X822,322,20.77,0,0,203,0,974,800,14
X823,322,25.18,0,0,203,0,974,800,28
X824,322,29.59,0,0,203,0,974,800,180
X825,302,21.75,0,0,203,0,974,817,28
X826,397,39.09,0,0,185,0,1040,734,28
X827,480,24.39,0,0,192,0,936,721,3
X828,522,50.51,0,0,146,0,896,896,7
X829,522,74.99,0,0,146,0,896,896,28
X830,273,37.17,105,82,210,9,904,680,28
X831,162,33.76,190,148,179,19,838,741,28
X832,154,16.5,144,112,220,10,923,658,28
X833,147,19.99,115,89,202,9,860,829,28
X834,152,36.35,178,139,168,18,944,695,28
X835,310,33.69,143,111,168,22,914,651,28
X836,144,15.42,0,175,158,18,943,844,28
X837,304,33.42,140,0,214,6,895,722,28
X838,374,39.05,0,0,190,7,1013,730,28
X839,159,27.68,149,116,175,15,953,720,28
X840,153,26.86,239,0,200,6,1002,684,28
X841,310,45.3,143,0,168,10,914,804,28
X842,305,30.12,0,100,196,10,959,705,28
X843,151,15.57,0,184,167,12,991,772,28
X844,142,44.61,167,130,174,11,883,785,28
X845,298,53.52,137,107,201,6,878,655,28
X846,321,57.21,164,0,190,5,870,774,28
X847,366,65.91,187,0,191,7,824,757,28
X848,280,52.82,129,100,172,9,825,805,28
X849,252,33.4,97,76,194,8,835,821,28
X850,165,18.03,0,150,182,12,1023,729,28
X851,156,37.36,243,0,180,11,1022,698,28
X852,160,32.84,188,146,203,11,829,710,28
X853,298,42.64,0,107,186,6,879,815,28
X854,318,40.06,0,126,210,6,861,737,28
X855,287,41.94,121,94,188,9,904,696,28
X856,326,61.23,166,0,174,9,882,790,28
X857,356,40.87,0,142,193,11,801,778,28
X858,132,33.3,207,161,179,5,867,736,28
X859,322,52.42,149,0,186,8,951,709,28
X860,164,15.09,0,200,181,13,849,846,28
X861,314,38.46,0,113,170,10,925,783,28
X862,321,37.26,0,128,182,11,870,780,28
X863,140,35.23,164,128,237,6,869,656,28
X864,288,42.13,121,0,177,7,908,829,28
X865,298,31.87,0,107,210,11,880,744,28
X866,265,41.54,111,86,195,6,833,790,28
X867,160,39.45,250,0,168,12,1049,688,28
X868,166,37.91,260,0,183,13,859,827,28
X869,276,44.28,116,90,180,9,870,768,28
X870,322,31.18,0,116,196,10,818,813,28
X871,149,23.69,139,109,193,6,892,780,28
X872,159,32.76,187,0,176,11,990,789,28
X873,261,32.4,100,78,201,9,864,761,28
X874,237,28.63,92,71,247,6,853,695,28
X875,313,36.8,0,113,178,8,1002,689,28
X876,155,18.28,183,0,193,9,1047,697,28
X877,146,33.06,230,0,202,3,827,872,28
X878,296,31.42,0,107,221,11,819,778,28
X879,133,31.03,210,0,196,3,949,795,28
X880,313,44.39,145,0,178,8,867,824,28
X881,152,12.18,0,112,184,8,992,816,28
X882,153,25.56,145,113,178,8,1002,689,28
X883,140,36.44,133,103,200,7,916,753,28
X884,149,32.96,236,0,176,13,847,893,28
X885,300,23.84,0,120,212,10,878,728,28
X886,153,26.23,145,113,178,8,867,824,28
X887,148,17.95,0,137,158,16,1002,830,28
X888,326,40.68,0,138,199,11,801,792,28
X889,153,19.01,145,0,178,8,1000,822,28
X890,262,33.72,111,86,195,5,895,733,28
X891,158,8.54,0,195,220,11,898,713,28
X892,151,13.46,0,185,167,16,1074,678,28
X893,273,32.24,0,90,199,11,931,762,28
X894,149,23.52,118,92,183,7,953,780,28
X895,143,29.72,169,143,191,8,967,643,28
X896,260,49.77,101,78,171,10,936,763,28
X897,313,52.44,161,0,178,10,917,759,28
X898,284,40.93,120,0,168,7,970,794,28
X899,336,44.86,0,0,182,3,986,817,28
X900,145,13.2,0,134,181,11,979,812,28
X901,150,37.43,237,0,174,12,1069,675,28
X902,144,29.87,170,133,192,8,814,805,28
X903,331,56.61,170,0,195,8,811,802,28
X904,155,12.46,0,143,193,9,1047,697,28
X905,155,23.79,183,0,193,9,877,868,28
X906,135,13.29,0,166,180,10,961,805,28
X907,266,39.42,112,87,178,10,910,745,28
X908,314,46.23,145,113,179,8,869,690,28
X909,313,44.52,145,0,127,8,1000,822,28
X910,146,23.74,173,0,182,3,986,817,28
X911,144,26.14,136,106,178,7,941,774,28
X912,148,15.52,0,182,181,15,839,884,28
X913,277,43.57,117,91,191,7,946,666,28
X914,298,35.86,0,107,164,13,953,784,28
X915,313,41.05,145,0,178,8,1002,689,28
X916,155,28.99,184,143,194,9,880,699,28
X917,289,46.24,134,0,195,6,924,760,28
X918,148,26.92,175,0,171,2,1000,828,28
X919,145,10.54,0,179,202,8,824,869,28
X920,313,25.1,0,0,178,8,1000,822,28
X921,136,29.07,162,126,172,10,923,764,28
X922,155,9.74,0,143,193,9,877,868,28
X923,255,33.8,99,77,189,6,919,749,28
X924,162,39.84,207,172,216,10,822,638,28
X925,136,26.97,196,98,199,6,847,783,28
X926,164,27.23,163,128,197,8,961,641,28
X927,162,30.65,214,164,202,10,820,680,28
X928,157,33.05,214,152,200,9,819,704,28
X929,149,24.58,153,194,192,8,935,623,28
X930,135,21.91,105,193,196,6,965,643,28
X931,159,30.88,209,161,201,7,848,669,28
X932,144,15.34,15,195,176,6,1021,709,28
X933,154,24.34,174,185,228,7,845,612,28
X934,167,23.89,187,195,185,7,898,636,28
X935,184,22.93,86,190,213,6,923,623,28
X936,156,29.41,178,187,221,7,854,614,28
X937,236.9,28.63,91.7,71.5,246.9,6,852.9,695.4,28
X938,313.3,36.8,0,113,178.5,8,1001.9,688.7,28
X939,154.8,18.29,183.4,0,193.3,9.1,1047.4,696.7,28
X940,145.9,32.72,230.5,0,202.5,3.4,827,871.8,28
X941,296,31.42,0,106.7,221.4,10.5,819.2,778.4,28
X942,133.1,28.94,210.2,0,195.7,3.1,949.4,795.3,28
X943,313.3,40.93,145,0,178.5,8,867.2,824,28
X944,151.6,12.18,0,111.9,184.4,7.9,992,815.9,28
X945,153.1,25.56,145,113,178.5,8,1001.9,688.7,28
X946,139.9,36.44,132.6,103.3,200.3,7.4,916,753.4,28
X947,149.5,32.96,236,0,175.8,12.6,846.8,892.7,28
X948,299.8,23.84,0,119.8,211.5,9.9,878.2,727.6,28
X949,153.1,26.23,145,113,178.5,8,867.2,824,28
X950,148.1,17.96,0,136.6,158.1,16.1,1001.8,830.1,28
X951,326.5,38.63,0,137.9,199,10.8,801.1,792.5,28
X952,152.7,19.01,144.7,0,178.1,8,999.7,822.2,28
X953,261.9,33.72,110.5,86.1,195.4,5,895.2,732.6,28
X954,158.4,8.54,0,194.9,219.7,11,897.7,712.9,28
X955,150.7,13.46,0,185.3,166.7,15.6,1074.5,678,28
X956,272.6,32.25,0,89.6,198.7,10.6,931.3,762.2,28
X957,149,23.52,117.6,91.7,182.9,7.1,953.4,780.3,28
X958,143,29.73,169.4,142.7,190.7,8.4,967.4,643.5,28
X959,259.9,49.77,100.6,78.4,170.6,10.4,935.7,762.9,28
X960,312.9,52.45,160.5,0,177.6,9.6,916.6,759.5,28
X961,284,40.93,119.7,0,168.3,7.2,970.4,794.2,28
X962,336.5,44.87,0,0,181.9,3.4,985.8,816.8,28
X963,144.8,13.2,0,133.6,180.8,11.1,979.5,811.5,28
X964,150,37.43,236.8,0,173.8,11.9,1069.3,674.8,28
X965,143.7,29.87,170.2,132.6,191.6,8.5,814.1,805.3,28
X966,330.5,56.62,169.6,0,194.9,8.1,811,802.3,28
X967,154.8,12.46,0,142.8,193.3,9.1,1047.4,696.7,28
X968,154.8,23.79,183.4,0,193.3,9.1,877.2,867.7,28
X969,134.7,13.29,0,165.7,180.2,10,961,804.9,28
X970,266.2,39.42,112.3,87.5,177.9,10.4,909.7,744.5,28
X971,314,46.23,145.3,113.2,178.9,8,869.1,690.2,28
X972,312.7,44.52,144.7,0,127.3,8,999.7,822.2,28
X973,145.7,23.74,172.6,0,181.9,3.4,985.8,816.8,28
X974,143.8,26.15,136.3,106.2,178.1,7.5,941.5,774.3,28
X975,148.1,15.53,0,182.1,181.4,15,838.9,884.3,28
X976,277,43.58,116.8,91,190.6,7,946.5,665.6,28
X977,298.1,35.87,0,107.5,163.6,12.8,953.2,784,28
X978,313.3,41.05,145,0,178.5,8,1001.9,688.7,28
X979,155.2,28.99,183.9,143.2,193.8,9.2,879.6,698.5,28
X980,289,46.25,133.7,0,194.9,5.5,924.1,760.1,28
X981,147.8,26.92,175.1,0,171.2,2.2,1000,828.5,28
X982,145.4,10.54,0,178.9,201.7,7.8,824,868.7,28
X983,312.7,25.1,0,0,178.1,8,999.7,822.2,28
X984,136.4,29.07,161.6,125.8,171.6,10.4,922.6,764.4,28
X985,154.8,9.74,0,142.8,193.3,9.1,877.2,867.7,28
X986,255.3,33.8,98.8,77,188.6,6.5,919,749.3,28
X987,272.8,37.17,105.1,81.8,209.7,9,904,679.7,28
X988,162,33.76,190.1,148.1,178.8,18.8,838.1,741.4,28
X989,153.6,16.5,144.2,112.3,220.1,10.1,923.2,657.9,28
X990,146.5,19.99,114.6,89.3,201.9,8.8,860,829.5,28
X991,151.8,36.35,178.1,138.7,167.5,18.3,944,694.6,28
X992,309.9,38.22,142.8,111.2,167.8,22.1,913.9,651.2,28
X993,143.6,15.42,0,174.9,158.4,17.9,942.7,844.5,28
X994,303.6,33.42,139.9,0,213.5,6.2,895.5,722.5,28
X995,374.3,39.06,0,0,190.2,6.7,1013.2,730.4,28
X996,158.6,27.68,148.9,116,175.1,15,953.3,719.7,28
X997,152.6,26.86,238.7,0,200,6.3,1001.8,683.9,28
X998,310,45.3,142.8,0,167.9,10,914.3,804,28
X999,304.8,30.12,0,99.6,196,9.8,959.4,705.2,28
X1000,150.9,15.57,0,183.9,166.6,11.6,991.2,772.2,28
X1001,141.9,44.61,166.6,129.7,173.5,10.9,882.6,785.3,28
X1002,297.8,53.52,137.2,106.9,201.3,6,878.4,655.3,28
X1003,321.3,57.22,164.2,0,190.5,4.6,870,774,28
X1004,366,65.91,187,0,191.3,6.6,824.3,756.9,28
X1005,279.8,52.83,128.9,100.4,172.4,9.5,825.1,804.9,28
X1006,252.1,33.4,97.1,75.6,193.8,8.3,835.5,821.4,28
X1007,164.6,18.03,0,150.4,181.6,11.7,1023.3,728.9,28
X1008,155.6,37.36,243.5,0,180.3,10.7,1022,697.7,28
X1009,160.2,35.31,188,146.4,203.2,11.3,828.7,709.7,28
X1010,298.1,42.64,0,107,186.4,6.1,879,815.2,28
X1011,317.9,40.06,0,126.5,209.7,5.7,860.5,736.6,28
X1012,287.3,43.8,120.5,93.9,187.6,9.2,904.4,695.9,28
X1013,325.6,61.24,166.4,0,174,8.9,881.6,790,28
X1014,355.9,40.87,0,141.6,193.3,11,801.4,778.4,28
X1015,132,33.31,206.5,160.9,178.9,5.5,866.9,735.6,28
X1016,322.5,52.43,148.6,0,185.8,8.5,951,709.5,28
X1017,164.2,15.09,0,200.1,181.2,12.6,849.3,846,28
X1018,313.8,38.46,0,112.6,169.9,10.1,925.3,782.9,28
X1019,321.4,37.27,0,127.9,182.5,11.5,870.1,779.7,28
X1020,139.7,35.23,163.9,127.7,236.7,5.8,868.6,655.6,28
X1021,288.4,42.14,121,0,177.4,7,907.9,829.5,28
X1022,298.2,31.88,0,107,209.7,11.1,879.6,744.2,28
X1023,264.5,41.54,111,86.5,195.5,5.9,832.6,790.4,28
X1024,159.8,39.46,250,0,168.4,12.2,1049.3,688.2,28
X1025,166,37.92,259.7,0,183.2,12.7,858.8,826.8,28
X1026,276.4,44.28,116,90.3,179.6,8.9,870.1,768.3,28
X1027,322.2,31.18,0,115.6,196,10.4,817.9,813.4,28
X1028,148.5,23.7,139.4,108.6,192.7,6.1,892.4,780,28
X1029,159.1,32.77,186.7,0,175.6,11.3,989.6,788.9,28
X1030,260.9,32.4,100.5,78.3,200.6,8.6,864.5,761.5,28
