cement,compressive strength,blast furnace slag,fly ash,water,superplasticizer,coarse aggregate,fine aggregate,age
540.0,79.99,0.0,0.0,162.0,2.5,1040.0,676.0,28
540.0,61.89,0.0,0.0,162.0,2.5,1055.0,676.0,28
332.5,40.27,142.5,0.0,228.0,0.0,932.0,594.0,270
332.5,41.05,142.5,0.0,228.0,0.0,932.0,594.0,365
198.6,44.3,132.4,0.0,192.0,0.0,978.4,825.5,360
266.0,47.03,114.0,0.0,228.0,0.0,932.0,670.0,90
380.0,43.7,95.0,0.0,228.0,0.0,932.0,594.0,365
380.0,36.45,95.0,0.0,228.0,0.0,932.0,594.0,28
266.0,45.85,114.0,0.0,228.0,0.0,932.0,670.0,28
475.0,39.29,0.0,0.0,228.0,0.0,932.0,594.0,28
198.6,38.07,132.4,0.0,192.0,0.0,978.4,825.5,90
198.6,28.02,132.4,0.0,192.0,0.0,978.4,825.5,28
427.5,43.01,47.5,0.0,228.0,0.0,932.0,594.0,270
190.0,42.33,190.0,0.0,228.0,0.0,932.0,670.0,90
304.0,47.81,76.0,0.0,228.0,0.0,932.0,670.0,28
380.0,52.91,0.0,0.0,228.0,0.0,932.0,670.0,90
139.6,39.36,209.4,0.0,192.0,0.0,1047.0,806.9,90
342.0,56.14,38.0,0.0,228.0,0.0,932.0,670.0,365
380.0,40.56,95.0,0.0,228.0,0.0,932.0,594.0,90
475.0,42.62,0.0,0.0,228.0,0.0,932.0,594.0,180
427.5,41.84,47.5,0.0,228.0,0.0,932.0,594.0,180
139.6,28.24,209.4,0.0,192.0,0.0,1047.0,806.9,28
139.6,8.06,209.4,0.0,192.0,0.0,1047.0,806.9,3
139.6,44.21,209.4,0.0,192.0,0.0,1047.0,806.9,180
380.0,52.52,0.0,0.0,228.0,0.0,932.0,670.0,365
380.0,53.3,0.0,0.0,228.0,0.0,932.0,670.0,270
380.0,41.15,95.0,0.0,228.0,0.0,932.0,594.0,270
342.0,52.12,38.0,0.0,228.0,0.0,932.0,670.0,180
427.5,37.43,47.5,0.0,228.0,0.0,932.0,594.0,28
475.0,38.6,0.0,0.0,228.0,0.0,932.0,594.0,7
304.0,55.26,76.0,0.0,228.0,0.0,932.0,670.0,365
266.0,52.91,114.0,0.0,228.0,0.0,932.0,670.0,365
198.6,41.72,132.4,0.0,192.0,0.0,978.4,825.5,180
475.0,42.13,0.0,0.0,228.0,0.0,932.0,594.0,270
190.0,53.69,190.0,0.0,228.0,0.0,932.0,670.0,365
237.5,38.41,237.5,0.0,228.0,0.0,932.0,594.0,270
237.5,30.08,237.5,0.0,228.0,0.0,932.0,594.0,28
332.5,37.72,142.5,0.0,228.0,0.0,932.0,594.0,90
475.0,42.23,0.0,0.0,228.0,0.0,932.0,594.0,90
237.5,36.25,237.5,0.0,228.0,0.0,932.0,594.0,180
342.0,50.46,38.0,0.0,228.0,0.0,932.0,670.0,90
427.5,43.7,47.5,0.0,228.0,0.0,932.0,594.0,365
237.5,39.0,237.5,0.0,228.0,0.0,932.0,594.0,365
380.0,53.1,0.0,0.0,228.0,0.0,932.0,670.0,180
427.5,41.54,47.5,0.0,228.0,0.0,932.0,594.0,90
427.5,35.08,47.5,0.0,228.0,0.0,932.0,594.0,7
349.0,15.05,0.0,0.0,192.0,0.0,1047.0,806.9,3
380.0,40.76,95.0,0.0,228.0,0.0,932.0,594.0,180
237.5,26.26,237.5,0.0,228.0,0.0,932.0,594.0,7
380.0,32.82,95.0,0.0,228.0,0.0,932.0,594.0,7
332.5,39.78,142.5,0.0,228.0,0.0,932.0,594.0,180
190.0,46.93,190.0,0.0,228.0,0.0,932.0,670.0,180
237.5,33.12,237.5,0.0,228.0,0.0,932.0,594.0,90
304.0,49.19,76.0,0.0,228.0,0.0,932.0,670.0,90
139.6,14.59,209.4,0.0,192.0,0.0,1047.0,806.9,7
198.6,14.64,132.4,0.0,192.0,0.0,978.4,825.5,7
475.0,41.93,0.0,0.0,228.0,0.0,932.0,594.0,365
198.6,9.13,132.4,0.0,192.0,0.0,978.4,825.5,3
304.0,50.95,76.0,0.0,228.0,0.0,932.0,670.0,180
332.5,33.02,142.5,0.0,228.0,0.0,932.0,594.0,28
304.0,54.38,76.0,0.0,228.0,0.0,932.0,670.0,270
266.0,51.73,114.0,0.0,228.0,0.0,932.0,670.0,270
310.0,9.87,0.0,0.0,192.0,0.0,971.0,850.6,3
190.0,50.66,190.0,0.0,228.0,0.0,932.0,670.0,270
266.0,48.7,114.0,0.0,228.0,0.0,932.0,670.0,180
342.0,55.06,38.0,0.0,228.0,0.0,932.0,670.0,270
139.6,44.7,209.4,0.0,192.0,0.0,1047.0,806.9,360
332.5,30.28,142.5,0.0,228.0,0.0,932.0,594.0,7
190.0,40.86,190.0,0.0,228.0,0.0,932.0,670.0,28
485.0,71.99,0.0,0.0,146.0,0.0,1120.0,800.0,28
374.0,34.4,189.2,0.0,170.1,10.1,926.1,756.7,3
313.3,28.8,262.2,0.0,175.5,8.6,1046.9,611.8,3
425.0,33.4,106.3,0.0,153.5,16.5,852.1,887.1,3
425.0,36.3,106.3,0.0,151.4,18.6,936.0,803.7,3
375.0,29.0,93.8,0.0,126.6,23.4,852.1,992.6,3
475.0,37.8,118.8,0.0,181.1,8.9,852.1,781.5,3
469.0,40.2,117.2,0.0,137.8,32.2,852.1,840.5,3
425.0,33.4,106.3,0.0,153.5,16.5,852.1,887.1,3
388.6,28.1,97.1,0.0,157.9,12.1,852.1,925.7,3
531.3,41.3,0.0,0.0,141.8,28.2,852.1,893.7,3
425.0,33.4,106.3,0.0,153.5,16.5,852.1,887.1,3
318.8,25.2,212.5,0.0,155.7,14.3,852.1,880.4,3
401.8,41.1,94.7,0.0,147.4,11.4,946.8,852.1,3
362.6,35.3,189.0,0.0,164.9,11.6,944.7,755.8,3
323.7,28.3,282.8,0.0,183.8,10.3,942.7,659.9,3
379.5,28.6,151.2,0.0,153.9,15.9,1134.3,605.0,3
362.6,35.3,189.0,0.0,164.9,11.6,944.7,755.8,3
286.3,24.4,200.9,0.0,144.7,11.2,1004.6,803.7,3
362.6,35.3,189.0,0.0,164.9,11.6,944.7,755.8,3
439.0,39.3,177.0,0.0,186.0,11.1,884.9,707.9,3
389.9,40.6,189.0,0.0,145.9,22.0,944.7,755.8,3
362.6,35.3,189.0,0.0,164.9,11.6,944.7,755.8,3
337.9,24.1,189.0,0.0,174.9,9.5,944.7,755.8,3
374.0,46.2,189.2,0.0,170.1,10.1,926.1,756.7,7
313.3,42.8,262.2,0.0,175.5,8.6,1046.9,611.8,7
425.0,49.2,106.3,0.0,153.5,16.5,852.1,887.1,7
425.0,46.8,106.3,0.0,151.4,18.6,936.0,803.7,7
375.0,45.7,93.8,0.0,126.6,23.4,852.1,992.6,7
475.0,55.6,118.8,0.0,181.1,8.9,852.1,781.5,7
469.0,54.9,117.2,0.0,137.8,32.2,852.1,840.5,7
425.0,49.2,106.3,0.0,153.5,16.5,852.1,887.1,7
388.6,34.9,97.1,0.0,157.9,12.1,852.1,925.7,7
531.3,46.9,0.0,0.0,141.8,28.2,852.1,893.7,7
425.0,49.2,106.3,0.0,153.5,16.5,852.1,887.1,7
318.8,33.4,212.5,0.0,155.7,14.3,852.1,880.4,7
401.8,54.1,94.7,0.0,147.4,11.4,946.8,852.1,7
362.6,55.9,189.0,0.0,164.9,11.6,944.7,755.8,7
323.7,49.8,282.8,0.0,183.8,10.3,942.7,659.9,7
379.5,47.1,151.2,0.0,153.9,15.9,1134.3,605.0,7
362.6,55.9,189.0,0.0,164.9,11.6,944.7,755.8,7
286.3,38.0,200.9,0.0,144.7,11.2,1004.6,803.7,7
362.6,55.9,189.0,0.0,164.9,11.6,944.7,755.8,7
439.0,56.1,177.0,0.0,186.0,11.1,884.9,707.9,7
389.9,59.09,189.0,0.0,145.9,22.0,944.7,755.8,7
362.6,22.9,189.0,0.0,164.9,11.6,944.7,755.8,7
337.9,35.1,189.0,0.0,174.9,9.5,944.7,755.8,7
374.0,61.09,189.2,0.0,170.1,10.1,926.1,756.7,28
313.3,59.8,262.2,0.0,175.5,8.6,1046.9,611.8,28
425.0,60.29,106.3,0.0,153.5,16.5,852.1,887.1,28
425.0,61.8,106.3,0.0,151.4,18.6,936.0,803.7,28
375.0,56.7,93.8,0.0,126.6,23.4,852.1,992.6,28
475.0,68.3,118.8,0.0,181.1,8.9,852.1,781.5,28
469.0,66.9,117.2,0.0,137.8,32.2,852.1,840.5,28
425.0,60.29,106.3,0.0,153.5,16.5,852.1,887.1,28
388.6,50.7,97.1,0.0,157.9,12.1,852.1,925.7,28
531.3,56.4,0.0,0.0,141.8,28.2,852.1,893.7,28
425.0,60.29,106.3,0.0,153.5,16.5,852.1,887.1,28
318.8,55.5,212.5,0.0,155.7,14.3,852.1,880.4,28
401.8,68.5,94.7,0.0,147.4,11.4,946.8,852.1,28
362.6,71.3,189.0,0.0,164.9,11.6,944.7,755.8,28
323.7,74.7,282.8,0.0,183.8,10.3,942.7,659.9,28
379.5,52.2,151.2,0.0,153.9,15.9,1134.3,605.0,28
362.6,71.3,189.0,0.0,164.9,11.6,944.7,755.8,28
286.3,67.7,200.9,0.0,144.7,11.2,1004.6,803.7,28
362.6,71.3,189.0,0.0,164.9,11.6,944.7,755.8,28
439.0,66.0,177.0,0.0,186.0,11.1,884.9,707.9,28
389.9,74.5,189.0,0.0,145.9,22.0,944.7,755.8,28
362.6,71.3,189.0,0.0,164.9,11.6,944.7,755.8,28
337.9,49.9,189.0,0.0,174.9,9.5,944.7,755.8,28
374.0,63.4,189.2,0.0,170.1,10.1,926.1,756.7,56
313.3,64.9,262.2,0.0,175.5,8.6,1046.9,611.8,56
425.0,64.3,106.3,0.0,153.5,16.5,852.1,887.1,56
425.0,64.9,106.3,0.0,151.4,18.6,936.0,803.7,56
375.0,60.2,93.8,0.0,126.6,23.4,852.1,992.6,56
475.0,72.3,118.8,0.0,181.1,8.9,852.1,781.5,56
469.0,69.3,117.2,0.0,137.8,32.2,852.1,840.5,56
425.0,64.3,106.3,0.0,153.5,16.5,852.1,887.1,56
388.6,55.2,97.1,0.0,157.9,12.1,852.1,925.7,56
531.3,58.8,0.0,0.0,141.8,28.2,852.1,893.7,56
425.0,64.3,106.3,0.0,153.5,16.5,852.1,887.1,56
318.8,66.1,212.5,0.0,155.7,14.3,852.1,880.4,56
401.8,73.7,94.7,0.0,147.4,11.4,946.8,852.1,56
362.6,77.3,189.0,0.0,164.9,11.6,944.7,755.8,56
323.7,80.2,282.8,0.0,183.8,10.3,942.7,659.9,56
379.5,54.9,151.2,0.0,153.9,15.9,1134.3,605.0,56
362.6,77.3,189.0,0.0,164.9,11.6,944.7,755.8,56
286.3,72.99,200.9,0.0,144.7,11.2,1004.6,803.7,56
362.6,77.3,189.0,0.0,164.9,11.6,944.7,755.8,56
439.0,71.7,177.0,0.0,186.0,11.1,884.9,707.9,56
389.9,79.4,189.0,0.0,145.9,22.0,944.7,755.8,56
362.6,77.3,189.0,0.0,164.9,11.6,944.7,755.8,56
337.9,59.89,189.0,0.0,174.9,9.5,944.7,755.8,56
374.0,64.9,189.2,0.0,170.1,10.1,926.1,756.7,91
313.3,66.6,262.2,0.0,175.5,8.6,1046.9,611.8,91
425.0,65.2,106.3,0.0,153.5,16.5,852.1,887.1,91
425.0,66.7,106.3,0.0,151.4,18.6,936.0,803.7,91
375.0,62.5,93.8,0.0,126.6,23.4,852.1,992.6,91
475.0,74.19,118.8,0.0,181.1,8.9,852.1,781.5,91
469.0,70.7,117.2,0.0,137.8,32.2,852.1,840.5,91
425.0,65.2,106.3,0.0,153.5,16.5,852.1,887.1,91
388.6,57.6,97.1,0.0,157.9,12.1,852.1,925.7,91
531.3,59.2,0.0,0.0,141.8,28.2,852.1,893.7,91
425.0,65.2,106.3,0.0,153.5,16.5,852.1,887.1,91
318.8,68.1,212.5,0.0,155.7,14.3,852.1,880.4,91
401.8,75.5,94.7,0.0,147.4,11.4,946.8,852.1,91
362.6,79.3,189.0,0.0,164.9,11.6,944.7,755.8,91
379.5,56.5,151.2,0.0,153.9,15.9,1134.3,605.0,91
362.6,79.3,189.0,0.0,164.9,11.6,944.7,755.8,91
286.3,76.8,200.9,0.0,144.7,11.2,1004.6,803.7,91
362.6,79.3,189.0,0.0,164.9,11.6,944.7,755.8,91
439.0,73.3,177.0,0.0,186.0,11.1,884.9,707.9,91
389.9,82.6,189.0,0.0,145.9,22.0,944.7,755.8,91
362.6,79.3,189.0,0.0,164.9,11.6,944.7,755.8,91
337.9,67.8,189.0,0.0,174.9,9.5,944.7,755.8,91
222.4,11.58,0.0,96.7,189.3,4.5,967.1,870.3,3
222.4,24.45,0.0,96.7,189.3,4.5,967.1,870.3,14
222.4,24.89,0.0,96.7,189.3,4.5,967.1,870.3,28
222.4,29.45,0.0,96.7,189.3,4.5,967.1,870.3,56
222.4,40.71,0.0,96.7,189.3,4.5,967.1,870.3,100
233.8,10.38,0.0,94.6,197.9,4.6,947.0,852.2,3
233.8,22.14,0.0,94.6,197.9,4.6,947.0,852.2,14
233.8,22.84,0.0,94.6,197.9,4.6,947.0,852.2,28
233.8,27.66,0.0,94.6,197.9,4.6,947.0,852.2,56
233.8,34.56,0.0,94.6,197.9,4.6,947.0,852.2,100
194.7,12.45,0.0,100.5,165.6,7.5,1006.4,905.9,3
194.7,24.99,0.0,100.5,165.6,7.5,1006.4,905.9,14
194.7,25.72,0.0,100.5,165.6,7.5,1006.4,905.9,28
194.7,33.96,0.0,100.5,165.6,7.5,1006.4,905.9,56
194.7,37.34,0.0,100.5,165.6,7.5,1006.4,905.9,100
190.7,15.04,0.0,125.4,162.1,7.8,1090.0,804.0,3
190.7,21.06,0.0,125.4,162.1,7.8,1090.0,804.0,14
190.7,26.4,0.0,125.4,162.1,7.8,1090.0,804.0,28
190.7,35.34,0.0,125.4,162.1,7.8,1090.0,804.0,56
190.7,40.57,0.0,125.4,162.1,7.8,1090.0,804.0,100
212.1,12.47,0.0,121.6,180.3,5.7,1057.6,779.3,3
212.1,20.92,0.0,121.6,180.3,5.7,1057.6,779.3,14
212.1,24.9,0.0,121.6,180.3,5.7,1057.6,779.3,28
212.1,34.2,0.0,121.6,180.3,5.7,1057.6,779.3,56
212.1,39.61,0.0,121.6,180.3,5.7,1057.6,779.3,100
230.0,10.03,0.0,118.3,195.5,4.6,1029.4,758.6,3
230.0,20.08,0.0,118.3,195.5,4.6,1029.4,758.6,14
230.0,24.48,0.0,118.3,195.5,4.6,1029.4,758.6,28
230.0,31.54,0.0,118.3,195.5,4.6,1029.4,758.6,56
230.0,35.34,0.0,118.3,195.5,4.6,1029.4,758.6,100
190.3,9.45,0.0,125.2,161.9,9.9,1088.1,802.6,3
190.3,22.72,0.0,125.2,161.9,9.9,1088.1,802.6,14
190.3,28.47,0.0,125.2,161.9,9.9,1088.1,802.6,28
190.3,38.56,0.0,125.2,161.9,9.9,1088.1,802.6,56
190.3,40.39,0.0,125.2,161.9,9.9,1088.1,802.6,100
166.1,10.76,0.0,163.3,176.5,4.5,1058.6,780.1,3
166.1,25.48,0.0,163.3,176.5,4.5,1058.6,780.1,14
166.1,21.54,0.0,163.3,176.5,4.5,1058.6,780.1,28
166.1,28.63,0.0,163.3,176.5,4.5,1058.6,780.1,56
166.1,33.54,0.0,163.3,176.5,4.5,1058.6,780.1,100
168.0,7.75,42.1,163.8,121.8,5.7,1058.7,780.1,3
168.0,17.82,42.1,163.8,121.8,5.7,1058.7,780.1,14
168.0,24.24,42.1,163.8,121.8,5.7,1058.7,780.1,28
168.0,32.85,42.1,163.8,121.8,5.7,1058.7,780.1,56
168.0,39.23,42.1,163.8,121.8,5.7,1058.7,780.1,100
213.7,18.0,98.1,24.5,181.7,6.9,1065.8,785.4,3
213.7,30.39,98.1,24.5,181.7,6.9,1065.8,785.4,14
213.7,45.71,98.1,24.5,181.7,6.9,1065.8,785.4,28
213.7,50.77,98.1,24.5,181.7,6.9,1065.8,785.4,56
213.7,53.9,98.1,24.5,181.7,6.9,1065.8,785.4,100
213.8,13.18,98.1,24.5,181.7,6.7,1066.0,785.5,3
213.8,17.84,98.1,24.5,181.7,6.7,1066.0,785.5,14
213.8,40.23,98.1,24.5,181.7,6.7,1066.0,785.5,28
213.8,47.13,98.1,24.5,181.7,6.7,1066.0,785.5,56
213.8,49.97,98.1,24.5,181.7,6.7,1066.0,785.5,100
229.7,13.36,0.0,118.2,195.2,6.1,1028.1,757.6,3
229.7,22.32,0.0,118.2,195.2,6.1,1028.1,757.6,14
229.7,24.54,0.0,118.2,195.2,6.1,1028.1,757.6,28
229.7,31.35,0.0,118.2,195.2,6.1,1028.1,757.6,56
229.7,40.86,0.0,118.2,195.2,6.1,1028.1,757.6,100
238.1,19.93,0.0,94.1,186.7,7.0,949.9,847.0,3
238.1,25.69,0.0,94.1,186.7,7.0,949.9,847.0,14
238.1,30.23,0.0,94.1,186.7,7.0,949.9,847.0,28
238.1,39.59,0.0,94.1,186.7,7.0,949.9,847.0,56
238.1,44.3,0.0,94.1,186.7,7.0,949.9,847.0,100
250.0,13.82,0.0,95.7,187.4,5.5,956.9,861.2,3
250.0,24.92,0.0,95.7,187.4,5.5,956.9,861.2,14
250.0,29.22,0.0,95.7,187.4,5.5,956.9,861.2,28
250.0,38.33,0.0,95.7,187.4,5.5,956.9,861.2,56
250.0,42.35,0.0,95.7,187.4,5.5,956.9,861.2,100
212.5,13.54,0.0,100.4,159.3,8.7,1007.8,903.6,3
212.5,26.31,0.0,100.4,159.3,8.7,1007.8,903.6,14
212.5,31.64,0.0,100.4,159.3,8.7,1007.8,903.6,28
212.5,42.55,0.0,100.4,159.3,8.7,1007.8,903.6,56
212.5,42.92,0.0,100.4,159.3,8.7,1007.8,903.6,100
212.6,13.33,0.0,100.4,159.4,10.4,1003.8,903.8,3
212.6,25.37,0.0,100.4,159.4,10.4,1003.8,903.8,14
212.6,37.4,0.0,100.4,159.4,10.4,1003.8,903.8,28
212.6,44.4,0.0,100.4,159.4,10.4,1003.8,903.8,56
212.6,47.74,0.0,100.4,159.4,10.4,1003.8,903.8,100
212.0,19.52,0.0,124.8,159.0,7.8,1085.4,799.5,3
212.0,31.35,0.0,124.8,159.0,7.8,1085.4,799.5,14
212.0,38.5,0.0,124.8,159.0,7.8,1085.4,799.5,28
212.0,45.08,0.0,124.8,159.0,7.8,1085.4,799.5,56
212.0,47.82,0.0,124.8,159.0,7.8,1085.4,799.5,100
231.8,15.44,0.0,121.6,174.0,6.7,1056.4,778.5,3
231.8,26.77,0.0,121.6,174.0,6.7,1056.4,778.5,14
231.8,33.73,0.0,121.6,174.0,6.7,1056.4,778.5,28
231.8,42.7,0.0,121.6,174.0,6.7,1056.4,778.5,56
231.8,45.84,0.0,121.6,174.0,6.7,1056.4,778.5,100
251.4,17.22,0.0,118.3,188.5,5.8,1028.4,757.7,3
251.4,29.93,0.0,118.3,188.5,5.8,1028.4,757.7,14
251.4,29.65,0.0,118.3,188.5,5.8,1028.4,757.7,28
251.4,36.97,0.0,118.3,188.5,5.8,1028.4,757.7,56
251.4,43.58,0.0,118.3,188.5,5.8,1028.4,757.7,100
251.4,13.12,0.0,118.3,188.5,6.4,1028.4,757.7,3
251.4,24.43,0.0,118.3,188.5,6.4,1028.4,757.7,14
251.4,32.66,0.0,118.3,188.5,6.4,1028.4,757.7,28
251.4,36.64,0.0,118.3,188.5,6.4,1028.4,757.7,56
251.4,44.21,0.0,118.3,188.5,6.4,1028.4,757.7,100
181.4,13.62,0.0,167.0,169.6,7.6,1055.6,777.8,3
181.4,21.6,0.0,167.0,169.6,7.6,1055.6,777.8,14
181.4,27.77,0.0,167.0,169.6,7.6,1055.6,777.8,28
181.4,35.57,0.0,167.0,169.6,7.6,1055.6,777.8,56
181.4,45.37,0.0,167.0,169.6,7.6,1055.6,777.8,100
182.0,7.32,45.2,122.0,170.2,8.2,1059.4,780.7,3
182.0,21.5,45.2,122.0,170.2,8.2,1059.4,780.7,14
182.0,31.27,45.2,122.0,170.2,8.2,1059.4,780.7,28
182.0,43.5,45.2,122.0,170.2,8.2,1059.4,780.7,56
182.0,48.67,45.2,122.0,170.2,8.2,1059.4,780.7,100
168.9,7.4,42.2,124.3,158.3,10.8,1080.8,796.2,3
168.9,23.51,42.2,124.3,158.3,10.8,1080.8,796.2,14
168.9,31.12,42.2,124.3,158.3,10.8,1080.8,796.2,28
168.9,39.15,42.2,124.3,158.3,10.8,1080.8,796.2,56
168.9,48.15,42.2,124.3,158.3,10.8,1080.8,796.2,100
290.4,22.5,0.0,96.2,168.1,9.4,961.2,865.0,3
290.4,34.67,0.0,96.2,168.1,9.4,961.2,865.0,14
290.4,34.74,0.0,96.2,168.1,9.4,961.2,865.0,28
290.4,45.08,0.0,96.2,168.1,9.4,961.2,865.0,56
290.4,48.97,0.0,96.2,168.1,9.4,961.2,865.0,100
277.1,23.14,0.0,97.4,160.6,11.8,973.9,875.6,3
277.1,41.89,0.0,97.4,160.6,11.8,973.9,875.6,14
277.1,48.28,0.0,97.4,160.6,11.8,973.9,875.6,28
277.1,51.04,0.0,97.4,160.6,11.8,973.9,875.6,56
277.1,55.64,0.0,97.4,160.6,11.8,973.9,875.6,100
295.7,22.95,0.0,95.6,171.5,8.9,955.1,859.2,3
295.7,35.23,0.0,95.6,171.5,8.9,955.1,859.2,14
295.7,39.94,0.0,95.6,171.5,8.9,955.1,859.2,28
295.7,48.72,0.0,95.6,171.5,8.9,955.1,859.2,56
295.7,52.04,0.0,95.6,171.5,8.9,955.1,859.2,100
251.8,21.02,0.0,99.9,146.1,12.4,1006.0,899.8,3
251.8,33.36,0.0,99.9,146.1,12.4,1006.0,899.8,14
251.8,33.94,0.0,99.9,146.1,12.4,1006.0,899.8,28
251.8,44.14,0.0,99.9,146.1,12.4,1006.0,899.8,56
251.8,45.37,0.0,99.9,146.1,12.4,1006.0,899.8,100
249.1,15.36,0.0,98.8,158.1,12.8,987.8,889.0,3
249.1,28.68,0.0,98.8,158.1,12.8,987.8,889.0,14
249.1,30.85,0.0,98.8,158.1,12.8,987.8,889.0,28
249.1,42.03,0.0,98.8,158.1,12.8,987.8,889.0,56
249.1,51.06,0.0,98.8,158.1,12.8,987.8,889.0,100
252.3,21.78,0.0,98.8,146.3,14.2,987.8,889.0,3
252.3,42.29,0.0,98.8,146.3,14.2,987.8,889.0,14
252.3,50.6,0.0,98.8,146.3,14.2,987.8,889.0,28
252.3,55.83,0.0,98.8,146.3,14.2,987.8,889.0,56
252.3,60.95,0.0,98.8,146.3,14.2,987.8,889.0,100
246.8,23.52,0.0,125.1,143.3,12.0,1086.8,800.9,3
246.8,42.22,0.0,125.1,143.3,12.0,1086.8,800.9,14
246.8,52.5,0.0,125.1,143.3,12.0,1086.8,800.9,28
246.8,60.32,0.0,125.1,143.3,12.0,1086.8,800.9,56
246.8,66.42,0.0,125.1,143.3,12.0,1086.8,800.9,100
275.1,23.8,0.0,121.4,159.5,9.9,1053.6,777.5,3
275.1,38.77,0.0,121.4,159.5,9.9,1053.6,777.5,14
275.1,51.33,0.0,121.4,159.5,9.9,1053.6,777.5,28
275.1,56.85,0.0,121.4,159.5,9.9,1053.6,777.5,56
275.1,58.61,0.0,121.4,159.5,9.9,1053.6,777.5,100
297.2,21.91,0.0,117.5,174.8,9.5,1022.8,753.5,3
297.2,36.99,0.0,117.5,174.8,9.5,1022.8,753.5,14
297.2,47.4,0.0,117.5,174.8,9.5,1022.8,753.5,28
297.2,51.96,0.0,117.5,174.8,9.5,1022.8,753.5,56
297.2,56.74,0.0,117.5,174.8,9.5,1022.8,753.5,100
213.7,17.57,0.0,174.7,154.8,10.2,1053.5,776.4,3
213.7,33.73,0.0,174.7,154.8,10.2,1053.5,776.4,14
213.7,40.15,0.0,174.7,154.8,10.2,1053.5,776.4,28
213.7,46.64,0.0,174.7,154.8,10.2,1053.5,776.4,56
213.7,50.08,0.0,174.7,154.8,10.2,1053.5,776.4,100
213.5,17.37,0.0,174.2,154.6,11.7,1052.3,775.5,3
213.5,33.7,0.0,174.2,154.6,11.7,1052.3,775.5,14
213.5,45.94,0.0,174.2,154.6,11.7,1052.3,775.5,28
213.5,51.43,0.0,174.2,154.6,11.7,1052.3,775.5,56
213.5,59.3,0.0,174.2,154.6,11.7,1052.3,775.5,100
277.2,30.45,97.8,24.5,160.7,11.2,1061.7,782.5,3
277.2,47.71,97.8,24.5,160.7,11.2,1061.7,782.5,14
277.2,63.14,97.8,24.5,160.7,11.2,1061.7,782.5,28
277.2,66.82,97.8,24.5,160.7,11.2,1061.7,782.5,56
277.2,66.95,97.8,24.5,160.7,11.2,1061.7,782.5,100
218.2,27.42,54.6,123.8,140.8,11.9,1075.7,792.7,3
218.2,35.96,54.6,123.8,140.8,11.9,1075.7,792.7,14
218.2,55.51,54.6,123.8,140.8,11.9,1075.7,792.7,28
218.2,61.99,54.6,123.8,140.8,11.9,1075.7,792.7,56
218.2,63.53,54.6,123.8,140.8,11.9,1075.7,792.7,100
214.9,18.02,53.8,121.9,155.6,9.6,1014.3,780.6,3
214.9,38.6,53.8,121.9,155.6,9.6,1014.3,780.6,14
214.9,52.2,53.8,121.9,155.6,9.6,1014.3,780.6,28
214.9,53.96,53.8,121.9,155.6,9.6,1014.3,780.6,56
214.9,56.63,53.8,121.9,155.6,9.6,1014.3,780.6,100
218.9,15.34,0.0,124.1,158.5,11.3,1078.7,794.9,3
218.9,26.05,0.0,124.1,158.5,11.3,1078.7,794.9,14
218.9,30.22,0.0,124.1,158.5,11.3,1078.7,794.9,28
218.9,37.27,0.0,124.1,158.5,11.3,1078.7,794.9,56
218.9,46.23,0.0,124.1,158.5,11.3,1078.7,794.9,100
376.0,16.28,0.0,0.0,214.6,0.0,1003.5,762.4,3
376.0,25.62,0.0,0.0,214.6,0.0,1003.5,762.4,14
376.0,31.97,0.0,0.0,214.6,0.0,1003.5,762.4,28
376.0,36.3,0.0,0.0,214.6,0.0,1003.5,762.4,56
376.0,43.06,0.0,0.0,214.6,0.0,1003.5,762.4,100
500.0,67.57,0.0,0.0,140.0,4.0,966.0,853.0,28
475.0,57.23,0.0,59.0,142.0,1.9,1098.0,641.0,28
315.0,81.75,137.0,0.0,145.0,5.9,1130.0,745.0,28
505.0,64.02,0.0,60.0,195.0,0.0,1030.0,630.0,28
451.0,78.8,0.0,0.0,165.0,11.3,1030.0,745.0,28
516.0,41.37,0.0,0.0,162.0,8.2,801.0,802.0,28
520.0,60.28,0.0,0.0,170.0,5.2,855.0,855.0,28
528.0,56.83,0.0,0.0,185.0,6.9,920.0,720.0,28
520.0,51.02,0.0,0.0,175.0,5.2,870.0,805.0,28
385.0,55.55,0.0,136.0,158.0,20.0,903.0,768.0,28
500.1,44.13,0.0,0.0,200.0,3.0,1124.4,613.2,28
450.1,39.38,50.0,0.0,200.0,3.0,1124.4,613.2,28
397.0,55.65,17.2,158.0,167.0,20.8,967.0,633.0,28
333.0,47.28,17.5,163.0,167.0,17.9,996.0,652.0,28
334.0,44.33,17.6,158.0,189.0,15.3,967.0,633.0,28
405.0,52.3,0.0,0.0,175.0,0.0,1120.0,695.0,28
200.0,49.25,200.0,0.0,190.0,0.0,1145.0,660.0,28
516.0,41.37,0.0,0.0,162.0,8.3,801.0,802.0,28
145.0,29.16,116.0,119.0,184.0,5.7,833.0,880.0,28
160.0,39.4,128.0,122.0,182.0,6.4,824.0,879.0,28
234.0,39.3,156.0,0.0,189.0,5.9,981.0,760.0,28
250.0,67.87,180.0,95.0,159.0,9.5,860.0,800.0,28
475.0,58.52,0.0,0.0,162.0,9.5,1044.0,662.0,28
285.0,53.58,190.0,0.0,163.0,7.6,1031.0,685.0,28
356.0,59.0,119.0,0.0,160.0,9.0,1061.0,657.0,28
275.0,76.24,180.0,120.0,162.0,10.4,830.0,765.0,28
500.0,69.84,0.0,0.0,151.0,9.0,1033.0,655.0,28
165.0,14.4,0.0,143.6,163.8,0.0,1005.6,900.9,3
165.0,19.42,128.5,132.1,175.1,8.1,1005.8,746.6,3
178.0,20.73,129.8,118.6,179.9,3.6,1007.3,746.8,3
167.4,14.94,129.9,128.6,175.5,7.8,1006.3,746.6,3
172.4,21.29,13.6,172.4,156.8,4.1,1006.3,856.4,3
173.5,23.08,50.1,173.5,164.8,6.5,1006.2,793.5,3
167.0,15.52,75.4,167.0,164.0,7.9,1007.3,770.1,3
173.8,15.82,93.4,159.9,172.3,9.7,1007.2,746.6,3
190.3,12.55,0.0,125.2,166.6,9.9,1079.0,798.9,3
250.0,8.49,0.0,95.7,191.8,5.3,948.9,857.2,3
213.5,15.61,0.0,174.2,159.2,11.7,1043.6,771.9,3
194.7,12.18,0.0,100.5,170.2,7.5,998.0,901.8,3
251.4,11.98,0.0,118.3,192.9,5.8,1043.6,754.3,3
165.0,16.88,0.0,143.6,163.8,0.0,1005.6,900.9,14
165.0,33.09,128.5,132.1,175.1,8.1,1005.8,746.6,14
178.0,34.24,129.8,118.6,179.9,3.6,1007.3,746.8,14
167.4,31.81,129.9,128.6,175.5,7.8,1006.3,746.6,14
172.4,29.75,13.6,172.4,156.8,4.1,1006.3,856.4,14
173.5,33.01,50.1,173.5,164.8,6.5,1006.2,793.5,14
167.0,32.9,75.4,167.0,164.0,7.9,1007.3,770.1,14
173.8,29.55,93.4,159.9,172.3,9.7,1007.2,746.6,14
190.3,19.42,0.0,125.2,166.6,9.9,1079.0,798.9,14
250.0,24.66,0.0,95.7,191.8,5.3,948.9,857.2,14
213.5,29.59,0.0,174.2,159.2,11.7,1043.6,771.9,14
194.7,24.28,0.0,100.5,170.2,7.5,998.0,901.8,14
251.4,20.73,0.0,118.3,192.9,5.8,1043.6,754.3,14
165.0,26.2,0.0,143.6,163.8,0.0,1005.6,900.9,28
165.0,46.39,128.5,132.1,175.1,8.1,1005.8,746.6,28
178.0,39.16,129.8,118.6,179.9,3.6,1007.3,746.8,28
167.4,41.2,129.9,128.6,175.5,7.8,1006.3,746.6,28
172.4,33.69,13.6,172.4,156.8,4.1,1006.3,856.4,28
173.5,38.2,50.1,173.5,164.8,6.5,1006.2,793.5,28
167.0,41.41,75.4,167.0,164.0,7.9,1007.3,770.1,28
173.8,37.81,93.4,159.9,172.3,9.7,1007.2,746.6,28
190.3,24.85,0.0,125.2,166.6,9.9,1079.0,798.9,28
250.0,27.22,0.0,95.7,191.8,5.3,948.9,857.2,28
213.5,44.64,0.0,174.2,159.2,11.7,1043.6,771.9,28
194.7,37.27,0.0,100.5,170.2,7.5,998.0,901.8,28
251.4,33.27,0.0,118.3,192.9,5.8,1043.6,754.3,28
165.0,36.56,0.0,143.6,163.8,0.0,1005.6,900.9,56
165.0,53.72,128.5,132.1,175.1,8.1,1005.8,746.6,56
178.0,48.59,129.8,118.6,179.9,3.6,1007.3,746.8,56
167.4,51.72,129.9,128.6,175.5,7.8,1006.3,746.6,56
172.4,35.85,13.6,172.4,156.8,4.1,1006.3,856.4,56
173.5,53.77,50.1,173.5,164.8,6.5,1006.2,793.5,56
167.0,53.46,75.4,167.0,164.0,7.9,1007.3,770.1,56
173.8,48.99,93.4,159.9,172.3,9.7,1007.2,746.6,56
190.3,31.72,0.0,125.2,166.6,9.9,1079.0,798.9,56
250.0,39.64,0.0,95.7,191.8,5.3,948.9,857.2,56
213.5,51.26,0.0,174.2,159.2,11.7,1043.6,771.9,56
194.7,43.39,0.0,100.5,170.2,7.5,998.0,901.8,56
251.4,39.27,0.0,118.3,192.9,5.8,1043.6,754.3,56
165.0,37.96,0.0,143.6,163.8,0.0,1005.6,900.9,100
165.0,55.02,128.5,132.1,175.1,8.1,1005.8,746.6,100
178.0,49.99,129.8,118.6,179.9,3.6,1007.3,746.8,100
167.4,53.66,129.9,128.6,175.5,7.8,1006.3,746.6,100
172.4,37.68,13.6,172.4,156.8,4.1,1006.3,856.4,100
173.5,56.06,50.1,173.5,164.8,6.5,1006.2,793.5,100
167.0,56.81,75.4,167.0,164.0,7.9,1007.3,770.1,100
173.8,50.94,93.4,159.9,172.3,9.7,1007.2,746.6,100
190.3,33.56,0.0,125.2,166.6,9.9,1079.0,798.9,100
250.0,41.16,0.0,95.7,191.8,5.3,948.9,857.2,100
213.5,52.96,0.0,174.2,159.2,11.7,1043.6,771.9,100
194.7,44.28,0.0,100.5,170.2,7.5,998.0,901.8,100
251.4,40.15,0.0,118.3,192.9,5.8,1043.6,754.3,100
446.0,57.03,24.0,79.0,162.0,11.6,967.0,712.0,28
446.0,44.42,24.0,79.0,162.0,11.6,967.0,712.0,28
446.0,51.02,24.0,79.0,162.0,11.6,967.0,712.0,28
446.0,53.39,24.0,79.0,162.0,10.3,967.0,712.0,28
446.0,35.36,24.0,79.0,162.0,11.6,967.0,712.0,3
446.0,25.02,24.0,79.0,162.0,11.6,967.0,712.0,3
446.0,23.35,24.0,79.0,162.0,11.6,967.0,712.0,3
446.0,52.01,24.0,79.0,162.0,11.6,967.0,712.0,7
446.0,38.02,24.0,79.0,162.0,11.6,967.0,712.0,7
446.0,39.3,24.0,79.0,162.0,11.6,967.0,712.0,7
446.0,61.07,24.0,79.0,162.0,11.6,967.0,712.0,56
446.0,56.14,24.0,79.0,162.0,11.6,967.0,712.0,56
446.0,55.25,24.0,79.0,162.0,11.6,967.0,712.0,56
446.0,54.77,24.0,79.0,162.0,10.3,967.0,712.0,56
387.0,50.24,20.0,94.0,157.0,14.3,938.0,845.0,28
387.0,46.68,20.0,94.0,157.0,13.9,938.0,845.0,28
387.0,46.68,20.0,94.0,157.0,11.6,938.0,845.0,28
387.0,22.75,20.0,94.0,157.0,14.3,938.0,845.0,3
387.0,25.51,20.0,94.0,157.0,13.9,938.0,845.0,3
387.0,34.77,20.0,94.0,157.0,11.6,938.0,845.0,3
387.0,36.84,20.0,94.0,157.0,14.3,938.0,845.0,7
387.0,45.9,20.0,94.0,157.0,13.9,938.0,845.0,7
387.0,41.67,20.0,94.0,157.0,11.6,938.0,845.0,7
387.0,56.34,20.0,94.0,157.0,14.3,938.0,845.0,56
387.0,47.97,20.0,94.0,157.0,13.9,938.0,845.0,56
387.0,61.46,20.0,94.0,157.0,11.6,938.0,845.0,56
355.0,44.03,19.0,97.0,145.0,13.1,967.0,871.0,28
355.0,55.45,19.0,97.0,145.0,12.3,967.0,871.0,28
491.0,55.55,26.0,123.0,210.0,3.9,882.0,699.0,28
491.0,57.92,26.0,123.0,201.0,3.9,822.0,699.0,28
491.0,25.61,26.0,123.0,210.0,3.9,882.0,699.0,3
491.0,33.49,26.0,123.0,210.0,3.9,882.0,699.0,7
491.0,59.59,26.0,123.0,210.0,3.9,882.0,699.0,56
491.0,29.55,26.0,123.0,201.0,3.9,822.0,699.0,3
491.0,37.92,26.0,123.0,201.0,3.9,822.0,699.0,7
491.0,61.86,26.0,123.0,201.0,3.9,822.0,699.0,56
424.0,62.05,22.0,132.0,178.0,8.5,822.0,750.0,28
424.0,32.01,22.0,132.0,178.0,8.5,882.0,750.0,3
424.0,72.1,22.0,132.0,168.0,8.9,822.0,750.0,28
424.0,39.0,22.0,132.0,178.0,8.5,822.0,750.0,7
424.0,65.7,22.0,132.0,178.0,8.5,822.0,750.0,56
424.0,32.11,22.0,132.0,168.0,8.9,822.0,750.0,3
424.0,40.29,22.0,132.0,168.0,8.9,822.0,750.0,7
424.0,74.36,22.0,132.0,168.0,8.9,822.0,750.0,56
202.0,21.97,11.0,141.0,206.0,1.7,942.0,801.0,28
202.0,9.85,11.0,141.0,206.0,1.7,942.0,801.0,3
202.0,15.07,11.0,141.0,206.0,1.7,942.0,801.0,7
202.0,23.25,11.0,141.0,206.0,1.7,942.0,801.0,56
284.0,43.73,15.0,141.0,179.0,5.5,842.0,801.0,28
284.0,13.4,15.0,141.0,179.0,5.5,842.0,801.0,3
284.0,24.13,15.0,141.0,179.0,5.5,842.0,801.0,7
284.0,44.52,15.0,141.0,179.0,5.5,842.0,801.0,56
359.0,62.94,19.0,141.0,154.0,10.9,942.0,801.0,28
359.0,59.49,19.0,141.0,154.0,10.9,942.0,801.0,28
359.0,25.12,19.0,141.0,154.0,10.9,942.0,801.0,3
359.0,23.64,19.0,141.0,154.0,10.9,942.0,801.0,3
359.0,35.75,19.0,141.0,154.0,10.9,942.0,801.0,7
359.0,38.61,19.0,141.0,154.0,10.9,942.0,801.0,7
359.0,68.75,19.0,141.0,154.0,10.9,942.0,801.0,56
359.0,66.78,19.0,141.0,154.0,10.9,942.0,801.0,56
436.0,23.85,0.0,0.0,218.0,0.0,838.4,719.7,28
289.0,32.07,0.0,0.0,192.0,0.0,913.2,895.3,90
289.0,11.65,0.0,0.0,192.0,0.0,913.2,895.3,3
393.0,19.2,0.0,0.0,192.0,0.0,940.6,785.6,3
393.0,48.85,0.0,0.0,192.0,0.0,940.6,785.6,90
393.0,39.6,0.0,0.0,192.0,0.0,940.6,785.6,28
480.0,43.94,0.0,0.0,192.0,0.0,936.2,712.2,28
480.0,34.57,0.0,0.0,192.0,0.0,936.2,712.2,7
480.0,54.32,0.0,0.0,192.0,0.0,936.2,712.2,90
480.0,24.4,0.0,0.0,192.0,0.0,936.2,712.2,3
333.0,15.62,0.0,0.0,192.0,0.0,931.2,842.6,3
255.0,21.86,0.0,0.0,192.0,0.0,889.8,945.0,90
255.0,10.22,0.0,0.0,192.0,0.0,889.8,945.0,7
289.0,14.6,0.0,0.0,192.0,0.0,913.2,895.3,7
255.0,18.75,0.0,0.0,192.0,0.0,889.8,945.0,28
333.0,31.97,0.0,0.0,192.0,0.0,931.2,842.6,28
333.0,23.4,0.0,0.0,192.0,0.0,931.2,842.6,7
289.0,25.57,0.0,0.0,192.0,0.0,913.2,895.3,28
333.0,41.68,0.0,0.0,192.0,0.0,931.2,842.6,90
393.0,27.74,0.0,0.0,192.0,0.0,940.6,785.6,7
255.0,8.2,0.0,0.0,192.0,0.0,889.8,945.0,3
158.8,9.62,238.2,0.0,185.7,0.0,1040.6,734.3,7
239.6,25.42,359.4,0.0,185.7,0.0,941.6,664.3,7
238.2,15.69,158.8,0.0,185.7,0.0,1040.6,734.3,7
181.9,27.94,272.8,0.0,185.7,0.0,1012.4,714.3,28
193.5,32.63,290.2,0.0,185.7,0.0,998.2,704.3,28
255.5,17.24,170.3,0.0,185.7,0.0,1026.6,724.3,7
272.8,19.77,181.9,0.0,185.7,0.0,1012.4,714.3,7
239.6,39.44,359.4,0.0,185.7,0.0,941.6,664.3,28
220.8,25.75,147.2,0.0,185.7,0.0,1055.0,744.3,28
397.0,33.08,0.0,0.0,185.7,0.0,1040.6,734.3,28
382.5,24.07,0.0,0.0,185.7,0.0,1047.8,739.3,7
210.7,21.82,316.1,0.0,185.7,0.0,977.0,689.3,7
158.8,21.07,238.2,0.0,185.7,0.0,1040.6,734.3,28
295.8,14.84,0.0,0.0,185.7,0.0,1091.4,769.3,7
255.5,32.05,170.3,0.0,185.7,0.0,1026.6,724.3,28
203.5,11.96,135.7,0.0,185.7,0.0,1076.2,759.3,7
397.0,25.45,0.0,0.0,185.7,0.0,1040.6,734.3,7
381.4,22.49,0.0,0.0,185.7,0.0,1104.6,784.3,28
295.8,25.22,0.0,0.0,185.7,0.0,1091.4,769.3,28
228.0,39.7,342.1,0.0,185.7,0.0,955.8,674.3,28
220.8,13.09,147.2,0.0,185.7,0.0,1055.0,744.3,7
316.1,38.7,210.7,0.0,185.7,0.0,977.0,689.3,28
135.7,7.51,203.5,0.0,185.7,0.0,1076.2,759.3,7
238.1,17.58,0.0,0.0,185.7,0.0,1118.8,789.3,28
339.2,21.18,0.0,0.0,185.7,0.0,1069.2,754.3,7
135.7,18.2,203.5,0.0,185.7,0.0,1076.2,759.3,28
193.5,17.2,290.2,0.0,185.7,0.0,998.2,704.3,7
203.5,22.63,135.7,0.0,185.7,0.0,1076.2,759.3,28
290.2,21.86,193.5,0.0,185.7,0.0,998.2,704.3,7
181.9,12.37,272.8,0.0,185.7,0.0,1012.4,714.3,7
170.3,25.73,155.5,0.0,185.7,0.0,1026.6,724.3,28
210.7,37.81,316.1,0.0,185.7,0.0,977.0,689.3,28
228.0,21.92,342.1,0.0,185.7,0.0,955.8,674.3,7
290.2,33.04,193.5,0.0,185.7,0.0,998.2,704.3,28
381.4,14.54,0.0,0.0,185.7,0.0,1104.6,784.3,7
238.2,26.91,158.8,0.0,185.7,0.0,1040.6,734.3,28
186.2,8.0,124.1,0.0,185.7,0.0,1083.4,764.3,7
339.2,31.9,0.0,0.0,185.7,0.0,1069.2,754.3,28
238.1,10.34,0.0,0.0,185.7,0.0,1118.8,789.3,7
252.5,19.77,0.0,0.0,185.7,0.0,1111.6,784.3,28
382.5,37.44,0.0,0.0,185.7,0.0,1047.8,739.3,28
252.5,11.48,0.0,0.0,185.7,0.0,1111.6,784.3,7
316.1,24.44,210.7,0.0,185.7,0.0,977.0,689.3,7
186.2,17.6,124.1,0.0,185.7,0.0,1083.4,764.3,28
170.3,10.73,155.5,0.0,185.7,0.0,1026.6,724.3,7
272.8,31.38,181.9,0.0,185.7,0.0,1012.4,714.3,28
339.0,13.22,0.0,0.0,197.0,0.0,968.0,781.0,3
339.0,20.97,0.0,0.0,197.0,0.0,968.0,781.0,7
339.0,27.04,0.0,0.0,197.0,0.0,968.0,781.0,14
339.0,32.04,0.0,0.0,197.0,0.0,968.0,781.0,28
339.0,35.17,0.0,0.0,197.0,0.0,968.0,781.0,90
339.0,36.45,0.0,0.0,197.0,0.0,968.0,781.0,180
339.0,38.89,0.0,0.0,197.0,0.0,968.0,781.0,365
236.0,6.47,0.0,0.0,194.0,0.0,968.0,885.0,3
236.0,12.84,0.0,0.0,194.0,0.0,968.0,885.0,14
236.0,18.42,0.0,0.0,194.0,0.0,968.0,885.0,28
236.0,21.95,0.0,0.0,194.0,0.0,968.0,885.0,90
236.0,24.1,0.0,0.0,193.0,0.0,968.0,885.0,180
236.0,25.08,0.0,0.0,193.0,0.0,968.0,885.0,365
277.0,21.26,0.0,0.0,191.0,0.0,968.0,856.0,14
277.0,25.97,0.0,0.0,191.0,0.0,968.0,856.0,28
277.0,11.36,0.0,0.0,191.0,0.0,968.0,856.0,3
277.0,31.25,0.0,0.0,191.0,0.0,968.0,856.0,90
277.0,32.33,0.0,0.0,191.0,0.0,968.0,856.0,180
277.0,33.7,0.0,0.0,191.0,0.0,968.0,856.0,360
254.0,9.31,0.0,0.0,198.0,0.0,968.0,863.0,3
254.0,26.94,0.0,0.0,198.0,0.0,968.0,863.0,90
254.0,27.63,0.0,0.0,198.0,0.0,968.0,863.0,180
254.0,29.79,0.0,0.0,198.0,0.0,968.0,863.0,365
307.0,34.49,0.0,0.0,193.0,0.0,968.0,812.0,180
307.0,36.15,0.0,0.0,193.0,0.0,968.0,812.0,365
307.0,12.54,0.0,0.0,193.0,0.0,968.0,812.0,3
307.0,27.53,0.0,0.0,193.0,0.0,968.0,812.0,28
307.0,32.92,0.0,0.0,193.0,0.0,968.0,812.0,90
236.0,9.99,0.0,0.0,193.0,0.0,968.0,885.0,7
200.0,7.84,0.0,0.0,180.0,0.0,1125.0,845.0,7
200.0,12.25,0.0,0.0,180.0,0.0,1125.0,845.0,28
225.0,11.17,0.0,0.0,181.0,0.0,1113.0,833.0,7
225.0,17.34,0.0,0.0,181.0,0.0,1113.0,833.0,28
325.0,17.54,0.0,0.0,184.0,0.0,1063.0,783.0,7
325.0,30.57,0.0,0.0,184.0,0.0,1063.0,783.0,28
275.0,14.2,0.0,0.0,183.0,0.0,1088.0,808.0,7
275.0,24.5,0.0,0.0,183.0,0.0,1088.0,808.0,28
300.0,15.58,0.0,0.0,184.0,0.0,1075.0,795.0,7
300.0,26.85,0.0,0.0,184.0,0.0,1075.0,795.0,28
375.0,26.06,0.0,0.0,186.0,0.0,1038.0,758.0,7
375.0,38.21,0.0,0.0,186.0,0.0,1038.0,758.0,28
400.0,43.7,0.0,0.0,187.0,0.0,1025.0,745.0,28
400.0,30.14,0.0,0.0,187.0,0.0,1025.0,745.0,7
250.0,12.73,0.0,0.0,182.0,0.0,1100.0,820.0,7
250.0,20.87,0.0,0.0,182.0,0.0,1100.0,820.0,28
350.0,20.28,0.0,0.0,186.0,0.0,1050.0,770.0,7
350.0,34.29,0.0,0.0,186.0,0.0,1050.0,770.0,28
203.5,19.54,305.3,0.0,203.5,0.0,963.4,630.0,7
250.2,47.71,166.8,0.0,203.5,0.0,977.6,694.1,90
157.0,43.38,236.0,0.0,192.0,0.0,935.4,781.2,90
141.3,29.89,212.0,0.0,203.5,0.0,971.8,748.5,28
166.8,6.9,250.2,0.0,203.5,0.0,975.6,692.6,3
122.6,33.19,183.9,0.0,203.5,0.0,958.2,800.1,90
183.9,4.9,122.6,0.0,203.5,0.0,959.2,800.0,3
102.0,4.57,153.0,0.0,192.0,0.0,887.0,942.0,3
102.0,25.46,153.0,0.0,192.0,0.0,887.0,942.0,90
122.6,24.29,183.9,0.0,203.5,0.0,958.2,800.1,28
166.8,33.95,250.2,0.0,203.5,0.0,975.6,692.6,28
200.0,11.41,133.0,0.0,192.0,0.0,965.4,806.2,3
108.3,20.59,162.4,0.0,203.5,0.0,938.2,849.0,28
305.3,25.89,203.5,0.0,203.5,0.0,965.4,631.0,7
108.3,29.23,162.4,0.0,203.5,0.0,938.2,849.0,90
116.0,31.02,173.0,0.0,192.0,0.0,909.8,891.9,90
141.3,10.39,212.0,0.0,203.5,0.0,971.8,748.5,7
157.0,33.66,236.0,0.0,192.0,0.0,935.4,781.2,28
133.0,27.87,200.0,0.0,192.0,0.0,927.4,839.2,28
250.2,19.35,166.8,0.0,203.5,0.0,977.6,694.1,7
173.0,11.39,116.0,0.0,192.0,0.0,946.8,856.8,7
192.0,12.79,288.0,0.0,192.0,0.0,929.8,716.1,3
192.0,39.32,288.0,0.0,192.0,0.0,929.8,716.1,28
153.0,4.78,102.0,0.0,192.0,0.0,888.0,943.1,3
288.0,16.11,192.0,0.0,192.0,0.0,932.0,717.8,3
305.3,43.38,203.5,0.0,203.5,0.0,965.4,631.0,28
236.0,20.42,157.0,0.0,192.0,0.0,972.6,749.1,7
173.0,6.94,116.0,0.0,192.0,0.0,946.8,856.8,3
212.0,15.03,141.3,0.0,203.5,0.0,973.4,750.0,7
236.0,13.57,157.0,0.0,192.0,0.0,972.6,749.1,3
183.9,32.53,122.6,0.0,203.5,0.0,959.2,800.0,90
166.8,15.75,250.2,0.0,203.5,0.0,975.6,692.6,7
102.0,7.68,153.0,0.0,192.0,0.0,887.0,942.0,7
288.0,38.8,192.0,0.0,192.0,0.0,932.0,717.8,28
212.0,33.0,141.3,0.0,203.5,0.0,973.4,750.0,28
102.0,17.28,153.0,0.0,192.0,0.0,887.0,942.0,28
173.0,24.28,116.0,0.0,192.0,0.0,946.8,856.8,28
183.9,24.05,122.6,0.0,203.5,0.0,959.2,800.0,28
133.0,36.59,200.0,0.0,192.0,0.0,927.4,839.2,90
192.0,50.73,288.0,0.0,192.0,0.0,929.8,716.1,90
133.0,13.66,200.0,0.0,192.0,0.0,927.4,839.2,7
305.3,14.14,203.5,0.0,203.5,0.0,965.4,631.0,3
236.0,47.78,157.0,0.0,192.0,0.0,972.6,749.1,90
108.3,2.33,162.4,0.0,203.5,0.0,938.2,849.0,3
157.0,16.89,236.0,0.0,192.0,0.0,935.4,781.2,7
288.0,23.52,192.0,0.0,192.0,0.0,932.0,717.8,7
212.0,6.81,141.3,0.0,203.5,0.0,973.4,750.0,3
212.0,39.7,141.3,0.0,203.5,0.0,973.4,750.0,90
153.0,17.96,102.0,0.0,192.0,0.0,888.0,943.1,28
236.0,32.88,157.0,0.0,192.0,0.0,972.6,749.1,28
116.0,22.35,173.0,0.0,192.0,0.0,909.8,891.9,28
183.9,10.79,122.6,0.0,203.5,0.0,959.2,800.0,7
108.3,7.72,162.4,0.0,203.5,0.0,938.2,849.0,7
203.5,41.68,305.3,0.0,203.5,0.0,963.4,630.0,28
203.5,9.56,305.3,0.0,203.5,0.0,963.4,630.0,3
133.0,6.88,200.0,0.0,192.0,0.0,927.4,839.2,3
288.0,50.53,192.0,0.0,192.0,0.0,932.0,717.8,90
200.0,17.17,133.0,0.0,192.0,0.0,965.4,806.2,7
200.0,30.44,133.0,0.0,192.0,0.0,965.4,806.2,28
250.2,9.73,166.8,0.0,203.5,0.0,977.6,694.1,3
122.6,3.32,183.9,0.0,203.5,0.0,958.2,800.1,3
153.0,26.32,102.0,0.0,192.0,0.0,888.0,943.1,90
200.0,43.25,133.0,0.0,192.0,0.0,965.4,806.2,90
116.0,6.28,173.0,0.0,192.0,0.0,909.8,891.9,3
173.0,32.1,116.0,0.0,192.0,0.0,946.8,856.8,90
250.2,36.96,166.8,0.0,203.5,0.0,977.6,694.1,28
305.3,54.6,203.5,0.0,203.5,0.0,965.4,631.0,90
192.0,21.48,288.0,0.0,192.0,0.0,929.8,716.1,7
157.0,9.69,236.0,0.0,192.0,0.0,935.4,781.2,3
153.0,8.37,102.0,0.0,192.0,0.0,888.0,943.1,7
141.3,39.66,212.0,0.0,203.5,0.0,971.8,748.5,90
116.0,10.09,173.0,0.0,192.0,0.0,909.8,891.9,7
141.3,4.83,212.0,0.0,203.5,0.0,971.8,748.5,3
122.6,10.35,183.9,0.0,203.5,0.0,958.2,800.1,7
166.8,43.57,250.2,0.0,203.5,0.0,975.6,692.6,90
203.5,51.86,305.3,0.0,203.5,0.0,963.4,630.0,90
310.0,11.85,0.0,0.0,192.0,0.0,1012.0,830.0,3
310.0,17.24,0.0,0.0,192.0,0.0,1012.0,830.0,7
310.0,27.83,0.0,0.0,192.0,0.0,1012.0,830.0,28
310.0,35.76,0.0,0.0,192.0,0.0,1012.0,830.0,90
310.0,38.7,0.0,0.0,192.0,0.0,1012.0,830.0,120
331.0,14.31,0.0,0.0,192.0,0.0,1025.0,821.0,3
331.0,17.44,0.0,0.0,192.0,0.0,1025.0,821.0,7
331.0,31.74,0.0,0.0,192.0,0.0,1025.0,821.0,28
331.0,37.91,0.0,0.0,192.0,0.0,1025.0,821.0,90
331.0,39.38,0.0,0.0,192.0,0.0,1025.0,821.0,120
349.0,15.87,0.0,0.0,192.0,0.0,1056.0,809.0,3
349.0,9.01,0.0,0.0,192.0,0.0,1056.0,809.0,7
349.0,33.61,0.0,0.0,192.0,0.0,1056.0,809.0,28
349.0,40.66,0.0,0.0,192.0,0.0,1056.0,809.0,90
349.0,40.86,0.0,0.0,192.0,0.0,1056.0,809.0,120
238.0,12.05,0.0,0.0,186.0,0.0,1119.0,789.0,7
238.0,17.54,0.0,0.0,186.0,0.0,1119.0,789.0,28
296.0,18.91,0.0,0.0,186.0,0.0,1090.0,769.0,7
296.0,25.18,0.0,0.0,186.0,0.0,1090.0,769.0,28
297.0,30.96,0.0,0.0,186.0,0.0,1040.0,734.0,7
480.0,43.89,0.0,0.0,192.0,0.0,936.0,721.0,28
480.0,54.28,0.0,0.0,192.0,0.0,936.0,721.0,90
397.0,36.94,0.0,0.0,186.0,0.0,1040.0,734.0,28
281.0,14.5,0.0,0.0,186.0,0.0,1104.0,774.0,7
281.0,22.44,0.0,0.0,185.0,0.0,1104.0,774.0,28
500.0,12.64,0.0,0.0,200.0,0.0,1125.0,613.0,1
500.0,26.06,0.0,0.0,200.0,0.0,1125.0,613.0,3
500.0,33.21,0.0,0.0,200.0,0.0,1125.0,613.0,7
500.0,36.94,0.0,0.0,200.0,0.0,1125.0,613.0,14
500.0,44.09,0.0,0.0,200.0,0.0,1125.0,613.0,28
540.0,52.61,0.0,0.0,173.0,0.0,1125.0,613.0,7
540.0,59.76,0.0,0.0,173.0,0.0,1125.0,613.0,14
540.0,67.31,0.0,0.0,173.0,0.0,1125.0,613.0,28
540.0,69.66,0.0,0.0,173.0,0.0,1125.0,613.0,90
540.0,71.62,0.0,0.0,173.0,0.0,1125.0,613.0,180
540.0,74.17,0.0,0.0,173.0,0.0,1125.0,613.0,270
350.0,18.13,0.0,0.0,203.0,0.0,974.0,775.0,7
350.0,22.53,0.0,0.0,203.0,0.0,974.0,775.0,14
350.0,27.34,0.0,0.0,203.0,0.0,974.0,775.0,28
350.0,29.98,0.0,0.0,203.0,0.0,974.0,775.0,56
350.0,31.35,0.0,0.0,203.0,0.0,974.0,775.0,90
350.0,32.72,0.0,0.0,203.0,0.0,974.0,775.0,180
385.0,6.27,0.0,0.0,186.0,0.0,966.0,763.0,1
385.0,14.7,0.0,0.0,186.0,0.0,966.0,763.0,3
385.0,23.22,0.0,0.0,186.0,0.0,966.0,763.0,7
385.0,27.92,0.0,0.0,186.0,0.0,966.0,763.0,14
385.0,31.35,0.0,0.0,186.0,0.0,966.0,763.0,28
331.0,39.0,0.0,0.0,192.0,0.0,978.0,825.0,180
331.0,41.24,0.0,0.0,192.0,0.0,978.0,825.0,360
349.0,14.99,0.0,0.0,192.0,0.0,1047.0,806.0,3
331.0,13.52,0.0,0.0,192.0,0.0,978.0,825.0,3
382.0,24.0,0.0,0.0,186.0,0.0,1047.0,739.0,7
382.0,37.42,0.0,0.0,186.0,0.0,1047.0,739.0,28
382.0,11.47,0.0,0.0,186.0,0.0,1111.0,784.0,7
281.0,22.44,0.0,0.0,186.0,0.0,1104.0,774.0,28
339.0,21.16,0.0,0.0,185.0,0.0,1069.0,754.0,7
339.0,31.84,0.0,0.0,185.0,0.0,1069.0,754.0,28
295.0,14.8,0.0,0.0,185.0,0.0,1069.0,769.0,7
295.0,25.18,0.0,0.0,185.0,0.0,1069.0,769.0,28
238.0,17.54,0.0,0.0,185.0,0.0,1118.0,789.0,28
296.0,14.2,0.0,0.0,192.0,0.0,1085.0,765.0,7
296.0,21.65,0.0,0.0,192.0,0.0,1085.0,765.0,28
296.0,29.39,0.0,0.0,192.0,0.0,1085.0,765.0,90
331.0,13.52,0.0,0.0,192.0,0.0,879.0,825.0,3
331.0,16.26,0.0,0.0,192.0,0.0,978.0,825.0,7
331.0,31.45,0.0,0.0,192.0,0.0,978.0,825.0,28
331.0,37.23,0.0,0.0,192.0,0.0,978.0,825.0,90
349.0,18.13,0.0,0.0,192.0,0.0,1047.0,806.0,7
349.0,32.72,0.0,0.0,192.0,0.0,1047.0,806.0,28
349.0,39.49,0.0,0.0,192.0,0.0,1047.0,806.0,90
349.0,41.05,0.0,0.0,192.0,0.0,1047.0,806.0,180
349.0,42.13,0.0,0.0,192.0,0.0,1047.0,806.0,360
302.0,18.13,0.0,0.0,203.0,0.0,974.0,817.0,14
302.0,26.74,0.0,0.0,203.0,0.0,974.0,817.0,180
525.0,61.92,0.0,0.0,189.0,0.0,1125.0,613.0,180
500.0,47.22,0.0,0.0,200.0,0.0,1125.0,613.0,90
500.0,51.04,0.0,0.0,200.0,0.0,1125.0,613.0,180
500.0,55.16,0.0,0.0,200.0,0.0,1125.0,613.0,270
540.0,41.64,0.0,0.0,173.0,0.0,1125.0,613.0,3
252.0,13.71,0.0,0.0,185.0,0.0,1111.0,784.0,7
252.0,19.69,0.0,0.0,185.0,0.0,1111.0,784.0,28
339.0,31.65,0.0,0.0,185.0,0.0,1060.0,754.0,28
393.0,19.11,0.0,0.0,192.0,0.0,940.0,758.0,3
393.0,39.58,0.0,0.0,192.0,0.0,940.0,758.0,28
393.0,48.79,0.0,0.0,192.0,0.0,940.0,758.0,90
382.0,24.0,0.0,0.0,185.0,0.0,1047.0,739.0,7
382.0,37.42,0.0,0.0,185.0,0.0,1047.0,739.0,28
252.0,11.47,0.0,0.0,186.0,0.0,1111.0,784.0,7
252.0,19.69,0.0,0.0,185.0,0.0,1111.0,784.0,28
310.0,14.99,0.0,0.0,192.0,0.0,970.0,850.0,7
310.0,27.92,0.0,0.0,192.0,0.0,970.0,850.0,28
310.0,34.68,0.0,0.0,192.0,0.0,970.0,850.0,90
310.0,37.33,0.0,0.0,192.0,0.0,970.0,850.0,180
310.0,38.11,0.0,0.0,192.0,0.0,970.0,850.0,360
525.0,33.8,0.0,0.0,189.0,0.0,1125.0,613.0,3
525.0,42.42,0.0,0.0,189.0,0.0,1125.0,613.0,7
525.0,48.4,0.0,0.0,189.0,0.0,1125.0,613.0,14
525.0,55.94,0.0,0.0,189.0,0.0,1125.0,613.0,28
525.0,58.78,0.0,0.0,189.0,0.0,1125.0,613.0,90
525.0,67.11,0.0,0.0,189.0,0.0,1125.0,613.0,270
322.0,20.77,0.0,0.0,203.0,0.0,974.0,800.0,14
322.0,25.18,0.0,0.0,203.0,0.0,974.0,800.0,28
322.0,29.59,0.0,0.0,203.0,0.0,974.0,800.0,180
302.0,21.75,0.0,0.0,203.0,0.0,974.0,817.0,28
397.0,39.09,0.0,0.0,185.0,0.0,1040.0,734.0,28
480.0,24.39,0.0,0.0,192.0,0.0,936.0,721.0,3
522.0,50.51,0.0,0.0,146.0,0.0,896.0,896.0,7
522.0,74.99,0.0,0.0,146.0,0.0,896.0,896.0,28
273.0,37.17,105.0,82.0,210.0,9.0,904.0,680.0,28
162.0,33.76,190.0,148.0,179.0,19.0,838.0,741.0,28
154.0,16.5,144.0,112.0,220.0,10.0,923.0,658.0,28
147.0,19.99,115.0,89.0,202.0,9.0,860.0,829.0,28
152.0,36.35,178.0,139.0,168.0,18.0,944.0,695.0,28
310.0,33.69,143.0,111.0,168.0,22.0,914.0,651.0,28
144.0,15.42,0.0,175.0,158.0,18.0,943.0,844.0,28
304.0,33.42,140.0,0.0,214.0,6.0,895.0,722.0,28
374.0,39.05,0.0,0.0,190.0,7.0,1013.0,730.0,28
159.0,27.68,149.0,116.0,175.0,15.0,953.0,720.0,28
153.0,26.86,239.0,0.0,200.0,6.0,1002.0,684.0,28
310.0,45.3,143.0,0.0,168.0,10.0,914.0,804.0,28
305.0,30.12,0.0,100.0,196.0,10.0,959.0,705.0,28
151.0,15.57,0.0,184.0,167.0,12.0,991.0,772.0,28
142.0,44.61,167.0,130.0,174.0,11.0,883.0,785.0,28
298.0,53.52,137.0,107.0,201.0,6.0,878.0,655.0,28
321.0,57.21,164.0,0.0,190.0,5.0,870.0,774.0,28
366.0,65.91,187.0,0.0,191.0,7.0,824.0,757.0,28
280.0,52.82,129.0,100.0,172.0,9.0,825.0,805.0,28
252.0,33.4,97.0,76.0,194.0,8.0,835.0,821.0,28
165.0,18.03,0.0,150.0,182.0,12.0,1023.0,729.0,28
156.0,37.36,243.0,0.0,180.0,11.0,1022.0,698.0,28
160.0,32.84,188.0,146.0,203.0,11.0,829.0,710.0,28
298.0,42.64,0.0,107.0,186.0,6.0,879.0,815.0,28
318.0,40.06,0.0,126.0,210.0,6.0,861.0,737.0,28
287.0,41.94,121.0,94.0,188.0,9.0,904.0,696.0,28
326.0,61.23,166.0,0.0,174.0,9.0,882.0,790.0,28
356.0,40.87,0.0,142.0,193.0,11.0,801.0,778.0,28
132.0,33.3,207.0,161.0,179.0,5.0,867.0,736.0,28
322.0,52.42,149.0,0.0,186.0,8.0,951.0,709.0,28
164.0,15.09,0.0,200.0,181.0,13.0,849.0,846.0,28
314.0,38.46,0.0,113.0,170.0,10.0,925.0,783.0,28
321.0,37.26,0.0,128.0,182.0,11.0,870.0,780.0,28
140.0,35.23,164.0,128.0,237.0,6.0,869.0,656.0,28
288.0,42.13,121.0,0.0,177.0,7.0,908.0,829.0,28
298.0,31.87,0.0,107.0,210.0,11.0,880.0,744.0,28
265.0,41.54,111.0,86.0,195.0,6.0,833.0,790.0,28
160.0,39.45,250.0,0.0,168.0,12.0,1049.0,688.0,28
166.0,37.91,260.0,0.0,183.0,13.0,859.0,827.0,28
276.0,44.28,116.0,90.0,180.0,9.0,870.0,768.0,28
322.0,31.18,0.0,116.0,196.0,10.0,818.0,813.0,28
149.0,23.69,139.0,109.0,193.0,6.0,892.0,780.0,28
159.0,32.76,187.0,0.0,176.0,11.0,990.0,789.0,28
261.0,32.4,100.0,78.0,201.0,9.0,864.0,761.0,28
237.0,28.63,92.0,71.0,247.0,6.0,853.0,695.0,28
313.0,36.8,0.0,113.0,178.0,8.0,1002.0,689.0,28
155.0,18.28,183.0,0.0,193.0,9.0,1047.0,697.0,28
146.0,33.06,230.0,0.0,202.0,3.0,827.0,872.0,28
296.0,31.42,0.0,107.0,221.0,11.0,819.0,778.0,28
133.0,31.03,210.0,0.0,196.0,3.0,949.0,795.0,28
313.0,44.39,145.0,0.0,178.0,8.0,867.0,824.0,28
152.0,12.18,0.0,112.0,184.0,8.0,992.0,816.0,28
153.0,25.56,145.0,113.0,178.0,8.0,1002.0,689.0,28
140.0,36.44,133.0,103.0,200.0,7.0,916.0,753.0,28
149.0,32.96,236.0,0.0,176.0,13.0,847.0,893.0,28
300.0,23.84,0.0,120.0,212.0,10.0,878.0,728.0,28
153.0,26.23,145.0,113.0,178.0,8.0,867.0,824.0,28
148.0,17.95,0.0,137.0,158.0,16.0,1002.0,830.0,28
326.0,40.68,0.0,138.0,199.0,11.0,801.0,792.0,28
153.0,19.01,145.0,0.0,178.0,8.0,1000.0,822.0,28
262.0,33.72,111.0,86.0,195.0,5.0,895.0,733.0,28
158.0,8.54,0.0,195.0,220.0,11.0,898.0,713.0,28
151.0,13.46,0.0,185.0,167.0,16.0,1074.0,678.0,28
273.0,32.24,0.0,90.0,199.0,11.0,931.0,762.0,28
149.0,23.52,118.0,92.0,183.0,7.0,953.0,780.0,28
143.0,29.72,169.0,143.0,191.0,8.0,967.0,643.0,28
260.0,49.77,101.0,78.0,171.0,10.0,936.0,763.0,28
313.0,52.44,161.0,0.0,178.0,10.0,917.0,759.0,28
284.0,40.93,120.0,0.0,168.0,7.0,970.0,794.0,28
336.0,44.86,0.0,0.0,182.0,3.0,986.0,817.0,28
145.0,13.2,0.0,134.0,181.0,11.0,979.0,812.0,28
150.0,37.43,237.0,0.0,174.0,12.0,1069.0,675.0,28
144.0,29.87,170.0,133.0,192.0,8.0,814.0,805.0,28
331.0,56.61,170.0,0.0,195.0,8.0,811.0,802.0,28
155.0,12.46,0.0,143.0,193.0,9.0,1047.0,697.0,28
155.0,23.79,183.0,0.0,193.0,9.0,877.0,868.0,28
135.0,13.29,0.0,166.0,180.0,10.0,961.0,805.0,28
266.0,39.42,112.0,87.0,178.0,10.0,910.0,745.0,28
314.0,46.23,145.0,113.0,179.0,8.0,869.0,690.0,28
313.0,44.52,145.0,0.0,127.0,8.0,1000.0,822.0,28
146.0,23.74,173.0,0.0,182.0,3.0,986.0,817.0,28
144.0,26.14,136.0,106.0,178.0,7.0,941.0,774.0,28
148.0,15.52,0.0,182.0,181.0,15.0,839.0,884.0,28
277.0,43.57,117.0,91.0,191.0,7.0,946.0,666.0,28
298.0,35.86,0.0,107.0,164.0,13.0,953.0,784.0,28
313.0,41.05,145.0,0.0,178.0,8.0,1002.0,689.0,28
155.0,28.99,184.0,143.0,194.0,9.0,880.0,699.0,28
289.0,46.24,134.0,0.0,195.0,6.0,924.0,760.0,28
148.0,26.92,175.0,0.0,171.0,2.0,1000.0,828.0,28
145.0,10.54,0.0,179.0,202.0,8.0,824.0,869.0,28
313.0,25.1,0.0,0.0,178.0,8.0,1000.0,822.0,28
136.0,29.07,162.0,126.0,172.0,10.0,923.0,764.0,28
155.0,9.74,0.0,143.0,193.0,9.0,877.0,868.0,28
255.0,33.8,99.0,77.0,189.0,6.0,919.0,749.0,28
162.0,39.84,207.0,172.0,216.0,10.0,822.0,638.0,28
136.0,26.97,196.0,98.0,199.0,6.0,847.0,783.0,28
164.0,27.23,163.0,128.0,197.0,8.0,961.0,641.0,28
162.0,30.65,214.0,164.0,202.0,10.0,820.0,680.0,28
157.0,33.05,214.0,152.0,200.0,9.0,819.0,704.0,28
149.0,24.58,153.0,194.0,192.0,8.0,935.0,623.0,28
135.0,21.91,105.0,193.0,196.0,6.0,965.0,643.0,28
159.0,30.88,209.0,161.0,201.0,7.0,848.0,669.0,28
144.0,15.34,15.0,195.0,176.0,6.0,1021.0,709.0,28
154.0,24.34,174.0,185.0,228.0,7.0,845.0,612.0,28
167.0,23.89,187.0,195.0,185.0,7.0,898.0,636.0,28
184.0,22.93,86.0,190.0,213.0,6.0,923.0,623.0,28
156.0,29.41,178.0,187.0,221.0,7.0,854.0,614.0,28
236.9,28.63,91.7,71.5,246.9,6.0,852.9,695.4,28
313.3,36.8,0.0,113.0,178.5,8.0,1001.9,688.7,28
154.8,18.29,183.4,0.0,193.3,9.1,1047.4,696.7,28
145.9,32.72,230.5,0.0,202.5,3.4,827.0,871.8,28
296.0,31.42,0.0,106.7,221.4,10.5,819.2,778.4,28
133.1,28.94,210.2,0.0,195.7,3.1,949.4,795.3,28
313.3,40.93,145.0,0.0,178.5,8.0,867.2,824.0,28
151.6,12.18,0.0,111.9,184.4,7.9,992.0,815.9,28
153.1,25.56,145.0,113.0,178.5,8.0,1001.9,688.7,28
139.9,36.44,132.6,103.3,200.3,7.4,916.0,753.4,28
149.5,32.96,236.0,0.0,175.8,12.6,846.8,892.7,28
299.8,23.84,0.0,119.8,211.5,9.9,878.2,727.6,28
153.1,26.23,145.0,113.0,178.5,8.0,867.2,824.0,28
148.1,17.96,0.0,136.6,158.1,16.1,1001.8,830.1,28
326.5,38.63,0.0,137.9,199.0,10.8,801.1,792.5,28
152.7,19.01,144.7,0.0,178.1,8.0,999.7,822.2,28
261.9,33.72,110.5,86.1,195.4,5.0,895.2,732.6,28
158.4,8.54,0.0,194.9,219.7,11.0,897.7,712.9,28
150.7,13.46,0.0,185.3,166.7,15.6,1074.5,678.0,28
272.6,32.25,0.0,89.6,198.7,10.6,931.3,762.2,28
149.0,23.52,117.6,91.7,182.9,7.1,953.4,780.3,28
143.0,29.73,169.4,142.7,190.7,8.4,967.4,643.5,28
259.9,49.77,100.6,78.4,170.6,10.4,935.7,762.9,28
312.9,52.45,160.5,0.0,177.6,9.6,916.6,759.5,28
284.0,40.93,119.7,0.0,168.3,7.2,970.4,794.2,28
336.5,44.87,0.0,0.0,181.9,3.4,985.8,816.8,28
144.8,13.2,0.0,133.6,180.8,11.1,979.5,811.5,28
150.0,37.43,236.8,0.0,173.8,11.9,1069.3,674.8,28
143.7,29.87,170.2,132.6,191.6,8.5,814.1,805.3,28
330.5,56.62,169.6,0.0,194.9,8.1,811.0,802.3,28
154.8,12.46,0.0,142.8,193.3,9.1,1047.4,696.7,28
154.8,23.79,183.4,0.0,193.3,9.1,877.2,867.7,28
134.7,13.29,0.0,165.7,180.2,10.0,961.0,804.9,28
266.2,39.42,112.3,87.5,177.9,10.4,909.7,744.5,28
314.0,46.23,145.3,113.2,178.9,8.0,869.1,690.2,28
312.7,44.52,144.7,0.0,127.3,8.0,999.7,822.2,28
145.7,23.74,172.6,0.0,181.9,3.4,985.8,816.8,28
143.8,26.15,136.3,106.2,178.1,7.5,941.5,774.3,28
148.1,15.53,0.0,182.1,181.4,15.0,838.9,884.3,28
277.0,43.58,116.8,91.0,190.6,7.0,946.5,665.6,28
298.1,35.87,0.0,107.5,163.6,12.8,953.2,784.0,28
313.3,41.05,145.0,0.0,178.5,8.0,1001.9,688.7,28
155.2,28.99,183.9,143.2,193.8,9.2,879.6,698.5,28
289.0,46.25,133.7,0.0,194.9,5.5,924.1,760.1,28
147.8,26.92,175.1,0.0,171.2,2.2,1000.0,828.5,28
145.4,10.54,0.0,178.9,201.7,7.8,824.0,868.7,28
312.7,25.1,0.0,0.0,178.1,8.0,999.7,822.2,28
136.4,29.07,161.6,125.8,171.6,10.4,922.6,764.4,28
154.8,9.74,0.0,142.8,193.3,9.1,877.2,867.7,28
255.3,33.8,98.8,77.0,188.6,6.5,919.0,749.3,28
272.8,37.17,105.1,81.8,209.7,9.0,904.0,679.7,28
162.0,33.76,190.1,148.1,178.8,18.8,838.1,741.4,28
153.6,16.5,144.2,112.3,220.1,10.1,923.2,657.9,28
146.5,19.99,114.6,89.3,201.9,8.8,860.0,829.5,28
151.8,36.35,178.1,138.7,167.5,18.3,944.0,694.6,28
309.9,38.22,142.8,111.2,167.8,22.1,913.9,651.2,28
143.6,15.42,0.0,174.9,158.4,17.9,942.7,844.5,28
303.6,33.42,139.9,0.0,213.5,6.2,895.5,722.5,28
374.3,39.06,0.0,0.0,190.2,6.7,1013.2,730.4,28
158.6,27.68,148.9,116.0,175.1,15.0,953.3,719.7,28
152.6,26.86,238.7,0.0,200.0,6.3,1001.8,683.9,28
310.0,45.3,142.8,0.0,167.9,10.0,914.3,804.0,28
304.8,30.12,0.0,99.6,196.0,9.8,959.4,705.2,28
150.9,15.57,0.0,183.9,166.6,11.6,991.2,772.2,28
141.9,44.61,166.6,129.7,173.5,10.9,882.6,785.3,28
297.8,53.52,137.2,106.9,201.3,6.0,878.4,655.3,28
321.3,57.22,164.2,0.0,190.5,4.6,870.0,774.0,28
366.0,65.91,187.0,0.0,191.3,6.6,824.3,756.9,28
279.8,52.83,128.9,100.4,172.4,9.5,825.1,804.9,28
252.1,33.4,97.1,75.6,193.8,8.3,835.5,821.4,28
164.6,18.03,0.0,150.4,181.6,11.7,1023.3,728.9,28
155.6,37.36,243.5,0.0,180.3,10.7,1022.0,697.7,28
160.2,35.31,188.0,146.4,203.2,11.3,828.7,709.7,28
298.1,42.64,0.0,107.0,186.4,6.1,879.0,815.2,28
317.9,40.06,0.0,126.5,209.7,5.7,860.5,736.6,28
287.3,43.8,120.5,93.9,187.6,9.2,904.4,695.9,28
325.6,61.24,166.4,0.0,174.0,8.9,881.6,790.0,28
355.9,40.87,0.0,141.6,193.3,11.0,801.4,778.4,28
132.0,33.31,206.5,160.9,178.9,5.5,866.9,735.6,28
322.5,52.43,148.6,0.0,185.8,8.5,951.0,709.5,28
164.2,15.09,0.0,200.1,181.2,12.6,849.3,846.0,28
313.8,38.46,0.0,112.6,169.9,10.1,925.3,782.9,28
321.4,37.27,0.0,127.9,182.5,11.5,870.1,779.7,28
139.7,35.23,163.9,127.7,236.7,5.8,868.6,655.6,28
288.4,42.14,121.0,0.0,177.4,7.0,907.9,829.5,28
298.2,31.88,0.0,107.0,209.7,11.1,879.6,744.2,28
264.5,41.54,111.0,86.5,195.5,5.9,832.6,790.4,28
159.8,39.46,250.0,0.0,168.4,12.2,1049.3,688.2,28
166.0,37.92,259.7,0.0,183.2,12.7,858.8,826.8,28
276.4,44.28,116.0,90.3,179.6,8.9,870.1,768.3,28
322.2,31.18,0.0,115.6,196.0,10.4,817.9,813.4,28
148.5,23.7,139.4,108.6,192.7,6.1,892.4,780.0,28
159.1,32.77,186.7,0.0,175.6,11.3,989.6,788.9,28
260.9,32.4,100.5,78.3,200.6,8.6,864.5,761.5,28
